data,abev3_sa_close,petr3_sa_close,vale3_sa_close
2017-01-02,16.309999,16.530001,25.059999
2017-01-03,16.639999,17.58,26.17
2017-01-04,16.51,17.370001,25.700001
2017-01-05,16.6,17.76,26.68
2017-01-06,16.459999,17.49,25.969999
2017-01-09,16.530001,17.32,26.5
2017-01-10,16.34,17.610001,28.540001
2017-01-11,16.41,18.049999,29.129999
2017-01-12,16.93,18.35,30.07
2017-01-13,17.110001,18.219999,30.98
2017-01-16,17.049999,18.25,31.82
2017-01-17,17.200001,18.17,30.57
2017-01-18,17.26,18.030001,32.110001
2017-01-19,17.299999,17.93,31.469999
2017-01-20,17.35,17.83,32.099998
2017-01-23,17.34,17.98,33.310001
2017-01-24,17.299999,17.73,34.130001
2017-01-26,17.309999,17.389999,33.599998
2017-01-27,17.32,17.08,33.700001
2017-01-30,16.969999,16.139999,32.25
2017-01-31,17.200001,16.190001,32.18
2017-02-01,17.32,16.120001,32.889999
2017-02-02,17.16,15.9,32.66
2017-02-03,17.35,16.34,30.610001
2017-02-06,17.07,15.97,29.92
2017-02-07,17.02,15.77,30.24
2017-02-08,16.959999,16.1,30.59
2017-02-09,16.889999,15.96,31.08
2017-02-10,17.139999,16.35,32.799999
2017-02-13,17.25,16.559999,35.810001
2017-02-14,17.379999,16.809999,34.400002
2017-02-15,18.02,16.860001,33.82
2017-02-16,17.969999,16.969999,33.77
2017-02-17,17.9,16.719999,34.07
2017-02-20,17.84,17.08,36.43
2017-02-21,18.07,17.16,35.540001
2017-02-22,18.280001,16.6,34.689999
2017-02-23,18.129999,16.48,33.169998
2017-02-24,17.84,15.96,32.720001
2017-03-01,17.91,16.43,33.169998
2017-03-02,17.209999,15.85,31.459999
2017-03-03,17.389999,15.95,31.82
2017-03-06,17.25,15.88,31.1
2017-03-07,16.82,15.88,30.92
2017-03-08,17.120001,14.9,30.120001
2017-03-09,17.299999,14.81,30.18
2017-03-10,17.299999,14.79,29.65
2017-03-13,17.360001,14.93,31.01
2017-03-14,17.1,14.37,31.17
2017-03-15,17.299999,14.75,33.32
2017-03-16,17.280001,14.38,32.529999
2017-03-17,17.209999,13.85,31.299999
2017-03-20,17.639999,14.18,31.629999
2017-03-21,17.42,13.7,29.040001
2017-03-22,17.309999,14.15,29.4
2017-03-23,17.440001,14.14,29.24
2017-03-24,17.629999,14.17,29
2017-03-27,17.790001,14.43,29.389999
2017-03-28,17.940001,14.68,29.809999
2017-03-29,18.18,15.16,30.110001
2017-03-30,18.27,15.1,30.1
2017-03-31,18.24,15.15,29.790001
2017-04-03,18,15.32,29.51
2017-04-04,18.110001,15.43,30.65
2017-04-05,17.879999,15.33,29.450001
2017-04-06,17.98,15.28,28.91
2017-04-07,18.049999,15.37,29.15
2017-04-10,18,15.63,29.030001
2017-04-11,17.620001,15.25,28.66
2017-04-12,17.67,15.19,27.42
2017-04-13,17.76,14.51,27.42
2017-04-17,18.059999,14.65,27.43
2017-04-18,18.16,14.46,26.610001
2017-04-19,18.1,14.05,26.67
2017-04-20,17.98,14.27,28.049999
2017-04-24,18.030001,14.39,27.450001
2017-04-25,18.32,14.68,28.35
2017-04-26,18.209999,14.42,27.73
2017-04-27,18.200001,14.2,26.83
2017-04-28,18.26,14.36,27.469999
2017-05-02,18.57,14.36,28.059999
2017-05-03,18.559999,14.45,26.32
2017-05-04,19.030001,14.06,25.35
2017-05-05,18.9,14.81,26.049999
2017-05-08,18.889999,14.72,26.030001
2017-05-09,18.950001,14.88,26.5
2017-05-10,19.190001,15.35,26.559999
2017-05-11,19.530001,15.32,26.32
2017-05-12,19.690001,15.93,25.91
2017-05-15,19.74,16.190001,26.65
2017-05-16,19.82,16.190001,27.26
2017-05-17,19.639999,16.1,26.84
2017-05-18,18.799999,14.27,26.860001
2017-05-19,18.620001,14.41,27.25
2017-05-22,18.57,14.31,27.92
2017-05-23,18.889999,14.42,28.26
2017-05-24,18.860001,14.81,27.52
2017-05-25,18.92,14.46,27.700001
2017-05-26,19.030001,14.55,27.860001
2017-05-29,19.030001,14.55,27.860001
2017-05-30,18.790001,14.17,28.6
2017-05-31,18.709999,13.62,27.17
2017-06-01,18.549999,13.54,26.67
2017-06-02,18.57,13.74,26.780001
2017-06-05,18.91,13.98,26.49
2017-06-06,19.07,13.99,26.58
2017-06-07,18.84,13.68,26.450001
2017-06-08,18.530001,13.7,27.02
2017-06-09,18.110001,13.78,27.299999
2017-06-12,18.08,13.78,26.84
2017-06-13,18.389999,13.87,26.370001
2017-06-14,18.18,13.54,26.1
2017-06-15,18.18,13.54,26.1
2017-06-16,17.780001,13.49,25.559999
2017-06-19,17.870001,13.33,26.389999
2017-06-20,18.07,13.01,25.709999
2017-06-21,18.129999,12.78,26.469999
2017-06-22,18.200001,13.05,27.02
2017-06-23,18.24,12.89,27.24
2017-06-26,18.27,13.09,27.469999
2017-06-27,18.290001,12.99,27.92
2017-06-28,18.299999,12.88,28.790001
2017-06-29,18.25,13.01,28.9
2017-06-30,18.309999,13.2,29
2017-07-03,18.280001,13.28,29.65
2017-07-04,18.24,13.32,29.620001
2017-07-05,18.219999,13.06,28.93
2017-07-06,17.780001,12.93,28.92
2017-07-07,18.02,12.68,28.889999
2017-07-10,18.309999,12.7,29.709999
2017-07-11,18.52,13.07,30.040001
2017-07-12,18.65,13.58,29.9
2017-07-13,18.68,13.55,29.18
2017-07-14,18.75,13.62,29.52
2017-07-17,18.84,13.45,29.719999
2017-07-18,18.75,13.6,29.9
2017-07-19,18.82,13.84,29.9
2017-07-20,18.780001,13.63,28.719999
2017-07-21,18.809999,13.29,28.5
2017-07-24,18.82,13.43,29.129999
2017-07-25,18.879999,13.77,30.610001
2017-07-26,18.83,13.54,29.66
2017-07-27,19.110001,13.61,29.700001
2017-07-28,19.1,13.64,30.34
2017-07-31,19.15,13.8,31.299999
2017-08-01,19.24,13.68,31.059999
2017-08-02,19.4,14.03,31.110001
2017-08-03,19.26,13.82,30.68
2017-08-04,19.26,13.9,31.23
2017-08-07,19.35,14.02,32.419998
2017-08-08,19.389999,13.9,32.049999
2017-08-09,19.42,13.97,31.92
2017-08-10,19.4,13.62,31.5
2017-08-11,19.52,13.51,30.799999
2017-08-14,19.709999,13.6,31.299999
2017-08-15,19.780001,13.62,31.120001
2017-08-16,19.809999,13.58,31.73
2017-08-17,19.790001,13.6,31.200001
2017-08-18,19.76,14.04,31.549999
2017-08-21,19.74,13.8,31.75
2017-08-22,19.75,14.31,31.860001
2017-08-23,19.84,14.32,32.540001
2017-08-24,19.799999,14.4,33.880001
2017-08-25,19.85,14.48,33.830002
2017-08-28,19.85,14.4,34.360001
2017-08-29,19.9,14.3,34.439999
2017-08-30,19.879999,13.88,34.34
2017-08-31,19.860001,13.97,35.080002
2017-09-01,19.76,14.6,35.669998
2017-09-04,19.73,14.72,36.099998
2017-09-05,19.82,14.85,35.599998
2017-09-06,20.129999,15.5,35.799999
2017-09-07,20.129999,15.5,35.799999
2017-09-08,20.1,15.19,34.48
2017-09-11,20.26,15.52,35.09
2017-09-12,21.01,15.4,35.259998
2017-09-13,21.18,15.68,34.77
2017-09-14,21.190001,15.65,33.619999
2017-09-15,21.459999,15.58,33.799999
2017-09-18,21.200001,15.73,34.25
2017-09-19,21.4,15.78,33.919998
2017-09-20,21.48,16.379999,33.169998
2017-09-21,21.360001,16.18,32.509998
2017-09-22,21.52,16.200001,31.91
2017-09-25,21.5,16.32,31.09
2017-09-26,21.18,16.139999,31.5
2017-09-27,21.1,15.88,31.93
2017-09-28,21.059999,15.91,31.75
2017-09-29,21.040001,15.81,31.870001
2017-10-02,20.700001,15.9,31.9
2017-10-03,21.42,16.639999,32.68
2017-10-04,21.200001,16.309999,32.610001
2017-10-05,21.23,16.57,32.27
2017-10-06,21.07,16.370001,32.139999
2017-10-09,21.07,16.48,31.5
2017-10-10,21.559999,16.719999,31.32
2017-10-11,21.629999,16.639999,31.1
2017-10-12,21.629999,16.639999,31.1
2017-10-13,22.129999,16.58,32.91
2017-10-16,21.92,16.639999,33.349998
2017-10-17,21.75,16.610001,32.580002
2017-10-18,21.780001,16.610001,32.27
2017-10-19,21.83,16.5,33
2017-10-20,21.530001,16.549999,32.950001
2017-10-23,21.299999,16.5,32.709999
2017-10-24,21.32,16.85,33.830002
2017-10-25,21.190001,17.02,33.549999
2017-10-26,21.040001,17.1,32.669998
2017-10-27,20.91,17.4,32.549999
2017-10-30,20.959999,17.35,32.349998
2017-10-31,20.9,17.42,32.099998
2017-11-01,20.74,17.540001,32.82
2017-11-02,20.74,17.540001,32.82
2017-11-03,20.6,17.709999,33.540001
2017-11-06,20.540001,18.1,34.34
2017-11-07,20.200001,17.27,33.52
2017-11-08,20.27,17.74,33.939999
2017-11-09,20.219999,17.5,32.799999
2017-11-10,20.209999,17.530001,32.77
2017-11-13,20.219999,17.48,33.139999
2017-11-14,20.200001,16.049999,32.16
2017-11-15,20.200001,16.049999,32.16
2017-11-16,20.42,16.35,32.599998
2017-11-17,20.540001,16.52,32.919998
2017-11-20,20.540001,16.52,32.919998
2017-11-21,20.809999,16.360001,34.049999
2017-11-22,20.83,16.5,34.740002
2017-11-23,20.709999,16.639999,35.200001
2017-11-24,20.620001,16.549999,35.790001
2017-11-27,20.74,16.32,35.41
2017-11-28,20.780001,16.280001,36.25
2017-11-29,20.559999,15.91,35.700001
2017-11-30,20.559999,15.95,35.139999
2017-12-01,20.450001,16.110001,35.48
2017-12-04,20.58,16.09,36.830002
2017-12-05,20.549999,15.92,36.02
2017-12-06,20.709999,16,35.759998
2017-12-07,20.719999,15.86,35.34
2017-12-08,21.02,15.89,35.48
2017-12-11,21.15,15.97,35.759998
2017-12-12,21.5,16.190001,36.18
2017-12-13,21.049999,15.94,36.110001
2017-12-14,20.969999,15.81,36.240002
2017-12-15,20.9,15.56,36.889999
2017-12-18,20.91,15.84,37.84
2017-12-19,20.59,15.76,37.849998
2017-12-20,20.700001,15.96,39.150002
2017-12-21,20.969999,16.65,39.73
2017-12-22,21.030001,16.59,39.790001
2017-12-25,21.030001,16.59,39.790001
2017-12-26,21.25,16.700001,39.849998
2017-12-27,21.4,16.76,39.860001
2017-12-28,21.280001,16.91,40.259998
2017-12-29,21.280001,16.91,40.259998
2018-01-02,21.690001,17.33,41.720001
2018-01-03,21.74,17.549999,41.470001
2018-01-04,21.620001,17.700001,41.639999
2018-01-05,21.700001,17.84,42.290001
2018-01-08,21.66,18.120001,43.23
2018-01-09,21.6,18.120001,43.07
2018-01-10,21.6,17.780001,42.470001
2018-01-11,21.85,18.219999,43.299999
2018-01-12,21.6,18.360001,43.549999
2018-01-15,21.82,18.459999,43.470001
2018-01-16,21.9,18.790001,42.299999
2018-01-17,22.030001,19.469999,43.150002
2018-01-18,21.92,19.440001,42.860001
2018-01-19,22,19.309999,42.880001
2018-01-22,21.9,19.51,42.650002
2018-01-23,21.82,19.34,40.93
2018-01-24,21.889999,20.629999,41.779999
2018-01-25,21.889999,20.629999,41.779999
2018-01-26,21.879999,21.709999,41.43
2018-01-29,21.84,21.709999,41.889999
2018-01-30,21.870001,21.18,41.470001
2018-01-31,21.950001,21.299999,41.450001
2018-02-01,22.23,22.129999,41.790001
2018-02-02,22.01,21.540001,40.799999
2018-02-05,21.68,20.57,40.349998
2018-02-06,21.620001,21.6,42.470001
2018-02-07,21.620001,20.98,41.709999
2018-02-08,21.66,20.35,41.59
2018-02-09,21.49,20.09,42
2018-02-14,NA,NA,NA
2018-02-15,22.299999,20.73,45.950001
2018-02-16,22.43,20.719999,46.029999
2018-02-19,22.34,21.299999,46.450001
2018-02-20,22.709999,21.68,45.509998
2018-02-21,22.4,21.440001,44.799999
2018-02-22,22.42,22.08,45.669998
2018-02-23,21.969999,22.65,46.080002
2018-02-26,22.15,23.18,47.400002
2018-02-27,22.219999,23.120001,47.330002
2018-02-28,22,23.15,45.049999
2018-03-01,22.34,22.77,44.450001
2018-03-02,22.58,23.18,43.75
2018-03-05,22.52,23.84,43.700001
2018-03-06,22.77,23.68,43.490002
2018-03-07,23.07,23.360001,42.849998
2018-03-08,23.299999,23.389999,41.459999
2018-03-09,23.440001,24,42.099998
2018-03-12,23.98,23.9,42.459999
2018-03-13,23.959999,23.67,42.130001
2018-03-14,24.27,23.610001,42.599998
2018-03-15,23.879999,23.120001,42.400002
2018-03-16,23.610001,23.370001,42.299999
2018-03-19,23.790001,22.59,41.099998
2018-03-20,23.690001,22.889999,41.599998
2018-03-21,23.889999,23.76,42.5
2018-03-22,24.01,23.629999,41.93
2018-03-23,23.92,23.709999,41.599998
2018-03-26,24,23.91,42
2018-03-27,23.84,23.32,40.860001
2018-03-28,23.82,23.030001,41.540001
2018-03-29,24.07,23.360001,42.209999
2018-04-02,23.85,22.74,43
2018-04-03,24.200001,22.799999,42.869999
2018-04-04,24.190001,22.719999,42.549999
2018-04-05,24.030001,23.34,43.25
2018-04-06,23.25,23.58,42.740002
2018-04-09,23.290001,22.9,42.950001
2018-04-10,23.799999,23.799999,44.84
2018-04-11,23.85,24.35,44.639999
2018-04-12,23.290001,24.389999,44.810001
2018-04-13,23.26,23.73,44.98
2018-04-16,22.98,22.889999,44.540001
2018-04-17,23.110001,23.309999,45.93
2018-04-18,23.35,24.07,47.48
2018-04-19,23.5,24.370001,47.830002
2018-04-20,23.43,24.43,47.630001
2018-04-23,23.450001,24.35,47.5
2018-04-24,23.309999,24.27,48.310001
2018-04-25,23.17,23.5,47.950001
2018-04-26,23.309999,24.450001,48.700001
2018-04-27,23.18,24.52,48.349998
2018-04-30,23.33,24.629999,48.669998
2018-05-02,22.67,24.57,48.709999
2018-05-03,22.6,24.309999,49.09
2018-05-04,22.5,23.889999,49.700001
2018-05-07,22.34,24.74,49.240002
2018-05-08,22.440001,24.74,49.189999
2018-05-09,21.91,27.219999,50.25
2018-05-10,21.799999,28.84,51.400002
2018-05-11,21.85,28.950001,52.630001
2018-05-14,21.709999,30.15,54.27
2018-05-15,21.459999,30.91,54.650002
2018-05-16,21.51,31.629999,55.900002
2018-05-17,21.09,30.209999,55.380001
2018-05-18,20.629999,30.15,54.77
2018-05-21,20.299999,29.139999,53
2018-05-22,20.15,28.42,52.34
2018-05-23,20.049999,27.15,51.939999
2018-05-24,20.33,23.200001,52.459999
2018-05-25,20.16,23.030001,51.48
2018-05-28,19.76,19.790001,51.07
2018-05-29,19.59,22.24,50.16
2018-05-30,19.690001,22.190001,50.630001
2018-06-01,19.940001,18.879999,52.759998
2018-06-04,20.040001,19.98,52.52
2018-06-05,19.76,19.379999,53.73
2018-06-06,19.530001,19.27,56.07
2018-06-07,19.08,18.92,54.369999
2018-06-08,18.959999,18,50.889999
2018-06-11,18.99,18.389999,50.849998
2018-06-12,18.879999,18.24,51.700001
2018-06-13,18.709999,17.99,51.549999
2018-06-14,18.93,17.98,51.709999
2018-06-15,18.719999,17.799999,49.130001
2018-06-18,18.540001,17.209999,49.209999
2018-06-19,18.799999,17.85,48.299999
2018-06-20,18.540001,18.58,48.810001
2018-06-21,18.129999,17.65,47.209999
2018-06-22,18.16,17.76,48.009998
2018-06-25,18.219999,18.09,47.16
2018-06-26,18.09,18.52,48.34
2018-06-27,17.950001,19.02,48.150002
2018-06-28,18.01,18.91,49.07
2018-06-29,17.98,19.42,49.59
2018-07-02,18.139999,19.68,48.759998
2018-07-03,18.09,19.75,47.959999
2018-07-04,18.1,20.709999,48.029999
2018-07-05,18.4,20.09,49.700001
2018-07-06,18.09,20.219999,50.34
2018-07-10,18.190001,20.190001,49.529999
2018-07-11,17.91,20.02,48.860001
2018-07-12,18.24,20.6,50.450001
2018-07-13,18.440001,20.58,50.310001
2018-07-16,18.950001,20.379999,50
2018-07-17,19.17,21.059999,50.700001
2018-07-18,18.76,20.65,51.450001
2018-07-19,18.879999,20.889999,49.43
2018-07-20,18.790001,21.42,48.720001
2018-07-23,18.65,21.52,49.599998
2018-07-24,18.969999,21.9,51.310001
2018-07-25,18.9,22.18,51.75
2018-07-26,19.889999,21.620001,52.779999
2018-07-27,19.809999,22.1,53.450001
2018-07-30,19.700001,22.059999,54.330002
2018-07-31,19.41,21.940001,54.84
2018-08-01,19.450001,22.07,53.060001
2018-08-02,19.290001,22.440001,52.84
2018-08-03,19.299999,23.219999,52.549999
2018-08-06,19.299999,23.299999,52.400002
2018-08-07,19.17,23.209999,52.75
2018-08-08,19.16,22.74,52.400002
2018-08-09,19.27,22.76,51.84
2018-08-10,18.91,22.16,51.709999
2018-08-13,19.139999,22.4,52.279999
2018-08-14,19.41,22.26,52.759998
2018-08-15,19.42,21.379999,50.41
2018-08-16,19.01,21.290001,49.720001
2018-08-17,19.18,20.950001,50.799999
2018-08-20,19.15,21,51.439999
2018-08-21,18.98,20.65,51.73
2018-08-22,18.9,21.26,53.299999
2018-08-23,18.940001,20.969999,53.349998
2018-08-24,19.07,21.09,54.150002
2018-08-27,19.129999,21.450001,55.669998
2018-08-28,19.1,21.24,55.650002
2018-08-29,19.25,22.17,55.220001
2018-08-30,19,21.68,54.57
2018-08-31,18.85,22.08,53.619999
2018-09-03,18.629999,21.75,54.049999
2018-09-04,18.01,21.52,52
2018-09-05,18.139999,21.73,52.150002
2018-09-06,18.32,21.92,53.48
2018-09-10,18.290001,22.200001,53.220001
2018-09-11,18.190001,21.58,52.59
2018-09-12,18.450001,22.16,53.450001
2018-09-13,18.33,21.85,53.779999
2018-09-14,18.23,22,55.200001
2018-09-17,18.360001,22.469999,55.040001
2018-09-18,18.790001,23.280001,57.34
2018-09-19,18.790001,23.15,58.580002
2018-09-20,18.75,22.99,59.32
2018-09-21,18.85,23.27,61.009998
2018-09-24,18.389999,23.15,60.200001
2018-09-25,18.4,23.27,62.200001
2018-09-26,18.700001,23.360001,60.009998
2018-09-27,18.48,24.5,59.48
2018-09-28,18.34,24.23,59.82
2018-10-01,18.43,24.18,60.400002
2018-10-02,18.25,25.809999,61.200001
2018-10-03,18.129999,26.48,59.950001
2018-10-04,17.870001,26.76,58.799999
2018-10-05,17.65,26.66,57.490002
2018-10-08,18,29.190001,57.049999
2018-10-09,17.48,29.73,57.700001
2018-10-10,17.200001,28.629999,55.889999
2018-10-11,16.99,28.1,56.48
2018-10-15,16.93,28.75,57.669998
2018-10-16,17.41,29.799999,57.700001
2018-10-17,17.049999,29.6,58.799999
2018-10-18,16.65,28.65,56.5
2018-10-19,16.860001,28.940001,56.529999
2018-10-22,16.82,29.719999,58.369999
2018-10-23,16.629999,29.16,56.75
2018-10-24,15.89,28.32,54.43
2018-10-25,15,28.91,54.610001
2018-10-26,15.19,30,55.599998
2018-10-29,15.43,28.92,53.099998
2018-10-30,16.049999,30.52,53.869999
2018-10-31,16.34,30.32,56.709999
2018-11-01,16.370001,29.77,57.5
2018-11-05,16.459999,30.65,57.529999
2018-11-06,16.639999,29.860001,57.23
2018-11-07,16.35,29.200001,57.59
2018-11-08,15.71,28.24,57.02
2018-11-09,16.08,28.129999,54.650002
2018-11-12,15.95,27.99,54.849998
2018-11-13,15.76,26.700001,56.27
2018-11-14,16.030001,27.190001,55.16
2018-11-16,16.5,28.049999,56.150002
2018-11-19,16.459999,28.030001,55.369999
2018-11-21,16.379999,27.379999,54.529999
2018-11-22,16.5,27.33,54.040001
2018-11-23,16.200001,26.690001,50.349998
2018-11-26,16.15,27.1,50.119999
2018-11-27,16.540001,28.02,49.919998
2018-11-28,16.690001,27.67,52.299999
2018-11-29,16.639999,27.85,52
2018-11-30,16.92,28.129999,52.799999
2018-12-03,16.74,28.93,54.110001
2018-12-04,16.65,28.42,52.880001
2018-12-05,16.540001,28.59,52.799999
2018-12-06,16.389999,27.4,52.299999
2018-12-07,16.110001,27.85,51.290001
2018-12-10,15.89,26.469999,50.200001
2018-12-11,15.95,26.299999,50.599998
2018-12-12,15.95,26.389999,50.369999
2018-12-13,16.32,26.530001,50.599998
2018-12-14,16.059999,26.33,50.880001
2018-12-17,16.1,26.049999,51.25
2018-12-18,15.88,25.17,51.439999
2018-12-19,15.4,24.76,50.009998
2018-12-20,15.21,24.16,49.810001
2018-12-21,15.17,24.18,50.860001
2018-12-26,15.14,24.58,50.439999
2018-12-27,15.1,24.440001,49.5
2018-12-28,15.38,25.4,51
2019-01-02,16.15,26.65,51.09
2019-01-03,16.33,27.200001,49
2019-01-04,16.549999,27.51,52.189999
2019-01-07,16.48,28.4,51.91
2019-01-08,16.15,28.25,52.41
2019-01-09,16.379999,28.82,53.689999
2019-01-10,16.85,28.68,53.099998
2019-01-11,17.290001,28.5,52.380001
2019-01-14,17.540001,28.4,52.599998
2019-01-15,17.700001,28.309999,52.349998
2019-01-16,17.799999,28.540001,52.650002
2019-01-17,17.85,28.780001,54.23
2019-01-18,18,29.15,54.759998
2019-01-21,18,29.290001,55.279999
2019-01-22,17.540001,28.85,55.080002
2019-01-23,17.18,29.15,55.650002
2019-01-24,17.16,29.459999,56.150002
2019-01-28,17.950001,28.42,42.360001
2019-01-29,17.870001,29.040001,42.740002
2019-01-30,17.969999,29.440001,46.599998
2019-01-31,17.51,29.549999,45.5
2019-02-01,18.110001,30.02,46.25
2019-02-04,18.450001,30.360001,44.68
2019-02-05,18.639999,30.549999,44.52
2019-02-06,18.09,30.01,42.459999
2019-02-07,18.75,29.48,41.59
2019-02-08,18.219999,29.27,43.16
2019-02-11,18.709999,28.9,42.02
2019-02-12,18.67,29.940001,44.299999
2019-02-13,18.389999,30.65,45.490002
2019-02-14,18.59,31.290001,45.66
2019-02-15,18.49,31.049999,45.880001
2019-02-18,18.190001,30.690001,45.25
2019-02-19,18.32,31.26,45.490002
2019-02-20,18.15,31.26,45.799999
2019-02-21,18.32,31.43,45.380001
2019-02-22,18.32,31.25,46.990002
2019-02-25,18.389999,30.5,47.119999
2019-02-26,18.49,30.51,47.200001
2019-02-27,18.360001,30.67,46.830002
2019-02-28,17.23,29.860001,47.099998
2019-03-01,16.76,29.200001,46.740002
2019-03-06,NA,NA,NA
2019-03-07,16.690001,29.219999,48.860001
2019-03-08,16.59,29,48.849998
2019-03-11,17.110001,30.639999,49.880001
2019-03-12,17,30.129999,49.970001
2019-03-13,16.9,30.940001,50.700001
2019-03-14,16.66,31.290001,50.709999
2019-03-15,16.76,31.620001,50.549999
2019-03-18,17.309999,32.259998,50.459999
2019-03-19,17.190001,32.77,51.900002
2019-03-20,17,32.970001,50.560001
2019-03-21,16.98,32.310001,50.889999
2019-03-22,16.719999,30.77,50.049999
2019-03-25,16.52,30.65,49.549999
2019-03-26,16.99,31.93,50.279999
2019-03-27,16.540001,30.450001,49.599998
2019-03-28,16.75,30.959999,49.299999
2019-03-29,16.83,31.15,50.93
2019-04-01,16.82,30.870001,52.599998
2019-04-02,16.77,31,51.630001
2019-04-03,16.84,30.35,51.779999
2019-04-04,17.299999,31.26,52.240002
2019-04-05,17.440001,32.049999,51.98
2019-04-08,17.35,32.740002,53.389999
2019-04-09,17.690001,32.450001,52.349998
2019-04-10,17.549999,32.27,51.759998
2019-04-11,17.25,31.85,51.790001
2019-04-12,17.059999,29.129999,51.48
2019-04-15,17.42,29.110001,51.330002
2019-04-16,17.530001,30.15,53.099998
2019-04-17,17.049999,30.18,52.25
2019-04-18,17.08,30.76,52.580002
2019-04-22,17.5,30.870001,51.299999
2019-04-23,17.67,31.120001,51.919998
2019-04-24,17.719999,30.58,50.360001
2019-04-25,18.309999,30.66,50.330002
2019-04-26,18.290001,30.389999,50.419998
2019-04-29,18.35,30.25,50.25
2019-04-30,18.469999,29.959999,50.099998
2019-05-02,17.950001,29.51,48.939999
2019-05-03,17.92,29.559999,50.400002
2019-05-06,18.059999,29.540001,49.66
2019-05-07,17.65,29.219999,49.700001
2019-05-08,17.92,30.219999,49
2019-05-09,17.49,29.360001,48.540001
2019-05-10,17.299999,29.35,49.459999
2019-05-13,17.01,28.51,47.43
2019-05-14,16.940001,28.52,47.59
2019-05-15,16.610001,28.32,47.950001
2019-05-16,16.639999,27.780001,46.400002
2019-05-17,16.49,27.559999,47.720001
2019-05-20,16.59,28.07,46.75
2019-05-21,17.09,28.799999,47.459999
2019-05-22,17.209999,28.719999,47.540001
2019-05-23,17.209999,28.27,47.82
2019-05-24,17.059999,28.33,48.400002
2019-05-27,17.219999,28.74,50.189999
2019-05-28,17.200001,29.129999,50.110001
2019-05-29,17.26,28.9,49.700001
2019-05-30,17.43,28.85,50.009998
2019-05-31,17.549999,28.23,49
2019-06-03,17.4,28.85,48.830002
2019-06-04,17.35,29.02,49.110001
2019-06-05,17.41,28.610001,48.389999
2019-06-06,17.639999,29.059999,48.799999
2019-06-07,17.610001,29.85,48.66
2019-06-10,17.65,29.35,48.34
2019-06-11,17.719999,29.950001,51.43
2019-06-12,17.68,29.51,51.490002
2019-06-13,17.85,29.91,51.849998
2019-06-14,17.639999,30.190001,51.400002
2019-06-17,17.799999,30.15,50.200001
2019-06-18,18.049999,30.610001,52
2019-06-19,18.200001,30.84,52.299999
2019-06-21,18.450001,31.790001,52.439999
2019-06-24,18.299999,31.66,52.400002
2019-06-25,18.17,30.700001,51.380001
2019-06-26,18.1,30.549999,51.580002
2019-06-27,18.049999,29.889999,51.700001
2019-06-28,17.889999,30.02,51.82
2019-07-01,17.809999,29.92,53.650002
2019-07-02,18.129999,29.469999,51.389999
2019-07-03,18.84,29.77,51.290001
2019-07-04,19,30.16,51.669998
2019-07-05,19,30.030001,50.360001
2019-07-08,18.940001,30.610001,50.950001
2019-07-10,19.02,30.719999,52.130001
2019-07-11,18.690001,31.299999,52.049999
2019-07-12,18.200001,31.5,51.810001
2019-07-15,18.25,30.969999,52.689999
2019-07-16,18.1,30.6,53.049999
2019-07-17,17.99,30.4,52.689999
2019-07-18,18.25,30.07,52.59
2019-07-19,18.09,30.059999,52.720001
2019-07-22,17.99,30.1,52.450001
2019-07-23,18.030001,30.25,51.759998
2019-07-24,17.959999,30,50.650002
2019-07-25,19.49,29.459999,50.490002
2019-07-26,19.799999,28.540001,50.23
2019-07-29,20.5,28.889999,50.259998
2019-07-30,20.34,28.700001,50.009998
2019-07-31,20.129999,28.790001,49.810001
2019-08-01,20.42,28.35,48.400002
2019-08-02,20.49,29.209999,47.84
2019-08-05,20.16,28,46
2019-08-06,20.48,28.469999,46.619999
2019-08-07,20.629999,28.200001,46.48
2019-08-08,20.17,28.870001,47.18
2019-08-09,20.07,28.620001,45.490002
2019-08-12,19.48,27.85,45.16
2019-08-13,19.379999,27.959999,46.5
2019-08-14,19.01,27.1,44.880001
2019-08-15,18.780001,26.5,43.889999
2019-08-16,18.9,26.379999,43.689999
2019-08-19,19.110001,26.74,43.650002
2019-08-20,18.940001,26.49,43.84
2019-08-21,18.799999,27.9,44.150002
2019-08-22,18.469999,27.629999,43.889999
2019-08-23,18.33,26.76,43.279999
2019-08-26,18.09,26.41,42.799999
2019-08-27,18.17,26.91,43.32
2019-08-28,18.15,27.1,43.48
2019-08-29,18.549999,28.120001,45.099998
2019-08-30,18.719999,28.27,45.57
2019-09-02,18.379999,27.969999,46.009998
2019-09-03,18.52,28.110001,45.52
2019-09-04,18.799999,28.82,46.52
2019-09-05,18.690001,29,46.52
2019-09-06,18.719999,29.190001,46.450001
2019-09-09,18.870001,29.77,47.889999
2019-09-10,18.82,30,48.240002
2019-09-11,18.91,29.469999,47.950001
2019-09-12,19.370001,29.83,49.689999
2019-09-13,19.1,29.66,49.790001
2019-09-16,19.15,31,48.59
2019-09-17,19.43,30.52,48.900002
2019-09-18,19.26,30.02,48.400002
2019-09-19,19.35,30.24,48.32
2019-09-20,19.389999,30.32,48.419998
2019-09-23,19.41,30.450001,48.099998
2019-09-24,19.35,30.059999,46.93
2019-09-25,19.6,30.1,47.860001
2019-09-26,19.530001,30.35,47.860001
2019-09-27,19.450001,30.42,47.66
2019-09-30,19.25,30.15,47.75
2019-10-01,19.309999,29.98,47.709999
2019-10-02,18.860001,28.9,45.099998
2019-10-03,18.58,29.120001,45.439999
2019-10-04,19.209999,28.85,46.59
2019-10-07,18.870001,28.4,46.040001
2019-10-08,18.6,28.219999,45.32
2019-10-09,18.67,28.93,45.669998
2019-10-10,18.42,29.07,47.240002
2019-10-11,18.58,29.5,48.639999
2019-10-14,18.719999,29.67,47.990002
2019-10-15,18.889999,30.07,47.91
2019-10-16,18.889999,30.49,46.799999
2019-10-17,18.77,30.200001,46.709999
2019-10-18,18.67,29.950001,46.029999
2019-10-21,18.99,30.35,47.209999
2019-10-22,18.77,31.280001,47.299999
2019-10-23,18.68,31.43,47.110001
2019-10-24,19.190001,30.809999,46.75
2019-10-25,17.6,31.709999,48.560001
2019-10-28,17.540001,31.950001,48.700001
2019-10-29,17.58,32.240002,48.650002
2019-10-30,17.559999,32.630001,48.59
2019-10-31,17.379999,32.700001,47.200001
2019-11-01,17.33,32.740002,48.439999
2019-11-04,17.57,32.970001,49.82
2019-11-05,17.709999,32.549999,49.869999
2019-11-06,17.52,32.41,49.689999
2019-11-07,17.559999,33.450001,50.110001
2019-11-08,17.299999,32.91,49.18
2019-11-11,17.540001,33.139999,48.130001
2019-11-12,17.370001,32.52,47.900002
2019-11-13,17.370001,32.400002,47.119999
2019-11-14,17.450001,31.709999,47
2019-11-18,17.559999,31.700001,47.610001
2019-11-19,17.67,31.25,48.169998
2019-11-21,18.07,32.080002,48.419998
2019-11-22,18.190001,32.220001,50.029999
2019-11-25,18.200001,32.02,50.860001
2019-11-26,18.030001,31.389999,51.220001
2019-11-27,17.959999,31.450001,50.580002
2019-11-28,18.01,31.59,50.369999
2019-11-29,18.049999,31.200001,49.98
2019-12-02,17.969999,31.16,51.34
2019-12-03,17.870001,31.07,50.419998
2019-12-04,18.299999,31.450001,50.919998
2019-12-05,18.15,31.860001,50.950001
2019-12-06,18.450001,32.07,51.349998
2019-12-09,18.440001,32.23,51.439999
2019-12-10,18.370001,32.43,51.200001
2019-12-11,18.450001,32.439999,51.830002
2019-12-12,18.700001,32.869999,52.950001
2019-12-13,19.01,31.33,53.759998
2019-12-16,19.08,31.09,53.34
2019-12-17,18.91,31.52,53.419998
2019-12-18,19.09,32.349998,53.470001
2019-12-19,19.17,32.299999,54
2019-12-20,18.91,31.93,54.790001
2019-12-23,18.959999,32.400002,54.580002
2019-12-26,19.219999,32.689999,54.790001
2019-12-27,19.16,32.169998,53.599998
2019-12-30,18.67,32,53.299999
