data,open,high,low,close,volume,adjusted,quart,quint,seg,sext,terc
2017-01-02,25.280001,25.49,25.049999,25.059999,1118500,22.465153,0,0,1,0,0
2017-01-03,25.51,26.17,25.4,26.17,5658500,23.46022,0,0,0,0,1
2017-01-04,26.059999,26.23,25.360001,25.700001,2144400,23.038883,1,0,0,0,0
2017-01-05,25.98,26.9,25.780001,26.68,4031600,23.91741,0,1,0,0,0
2017-01-06,26.290001,26.59,25.860001,25.969999,4213500,23.280928,0,0,0,1,0
2017-01-09,26.299999,26.85,26.27,26.5,3407800,23.756048,0,0,1,0,0
2017-01-10,27.42,28.540001,27.42,28.540001,3606500,25.584818,0,0,0,0,1
2017-01-11,28.809999,29.190001,28.33,29.129999,3499900,26.113722,1,0,0,0,0
2017-01-12,30.08,30.42,29.709999,30.07,5500500,26.95639,0,1,0,0,0
2017-01-13,29.889999,31.200001,29.700001,30.98,4424800,27.772161,0,0,0,1,0
2017-01-16,31.200001,32.110001,31.200001,31.82,2018500,28.525185,0,0,1,0,0
2017-01-17,31.23,31.299999,30.49,30.57,5968500,27.404619,0,0,0,0,1
2017-01-18,30.35,32.689999,30.35,32.110001,14846300,28.785156,1,0,0,0,0
2017-01-19,32,32.02,31.030001,31.469999,5303100,28.211428,0,1,0,0,0
2017-01-20,30.99,32.43,30.950001,32.099998,6309700,28.776192000000002,0,0,0,1,0
2017-01-23,32.209999,33.48,32.189999,33.310001,4369600,29.860907,0,0,1,0,0
2017-01-24,34.07,34.720001,33.27,34.130001,5373900,30.595999,0,0,0,0,1
2017-01-26,34.419998,34.630001,33.599998,33.599998,5274700,30.120872,0,1,0,0,0
2017-01-27,33.48,34.200001,33.41,33.700001,3244000,30.210522,0,0,0,1,0
2017-01-30,33.220001,33.490002,32.139999,32.25,3136800,28.910662,0,0,1,0,0
2017-01-31,32.700001,32.950001,32.110001,32.18,4067300,28.84791,0,0,0,0,1
2017-02-01,32.700001,33.509998,32.68,32.889999,5928500,29.484394,1,0,0,0,0
2017-02-02,32.41,33.439999,32.41,32.66,4024400,29.278208,0,1,0,0,0
2017-02-03,32,32,30.389999,30.610001,6833500,27.440475,0,0,0,1,0
2017-02-06,30.66,30.77,29.870001,29.92,3554600,26.821922,0,0,1,0,0
2017-02-07,30.639999,31.33,30.08,30.24,4297100,27.108789,0,0,0,0,1
2017-02-08,30.790001,30.82,30.040001,30.59,3867100,27.422546,1,0,0,0,0
2017-02-09,30.52,31.35,30.26,31.08,4011900,27.861811,0,1,0,0,0
2017-02-10,32.16,32.799999,32.099998,32.799999,5036400,29.403713,0,0,0,1,0
2017-02-13,34.209999,35.849998,34.02,35.810001,11344600,32.102039,0,0,1,0,0
2017-02-14,35.529999,35.560001,34.029999,34.400002,4651000,30.838039,0,0,0,0,1
2017-02-15,34.700001,34.75,33.689999,33.82,6626600,30.318098,1,0,0,0,0
2017-02-16,33.779999,34.439999,33.619999,33.77,5231900,30.273272,0,1,0,0,0
2017-02-17,33.610001,34.299999,33.389999,34.07,5909200,30.542208,0,0,0,1,0
2017-02-20,35.889999,36.560001,35.779999,36.43,6047300,32.657841,0,0,1,0,0
2017-02-21,36.84,37.279999,35.279999,35.540001,6307900,31.859999,0,0,0,0,1
2017-02-22,35.330002,35.330002,34.029999,34.689999,6845300,31.098007,1,0,0,0,0
2017-02-23,35.189999,35.25,32.799999,33.169998,12566100,29.735397,0,1,0,0,0
2017-02-24,32.150002,33.91,32,32.720001,9984400,29.331999,0,0,0,1,0
2017-03-01,33.049999,33.380001,32.849998,33.169998,3262200,29.735397,1,0,0,0,0
2017-03-02,33.299999,33.599998,31.35,31.459999,6860100,28.202461,0,1,0,0,0
2017-03-03,31.889999,32.290001,31.360001,31.82,6887300,28.525185,0,0,0,1,0
2017-03-06,31.4,31.610001,30.68,31.1,6393900,27.879738,0,0,1,0,0
2017-03-07,31.190001,31.870001,30.799999,30.92,6653500,27.71838,0,0,0,0,1
2017-03-08,31.219999,31.35,29.83,30.120001,5789100,27.001215,1,0,0,0,0
2017-03-09,29.450001,30.58,29.07,30.18,8743900,27.055,0,1,0,0,0
2017-03-10,30.66,31.02,29.65,29.65,5574100,26.579882,0,0,0,1,0
2017-03-13,30.74,31.379999,30.700001,31.01,5780300,27.799059,0,0,1,0,0
2017-03-14,30.75,31.5,30.290001,31.17,4101000,27.94249,0,0,0,0,1
2017-03-15,31.91,33.32,31.57,33.32,7401600,29.869865,1,0,0,0,0
2017-03-16,33.619999,33.84,32.279999,32.529999,4529000,29.161667,0,1,0,0,0
2017-03-17,32.689999,32.77,31.299999,31.299999,14673300,28.059031,0,0,0,1,0
2017-03-20,31.15,31.889999,30.9,31.629999,3340900,28.354858,0,0,1,0,0
2017-03-21,30.889999,30.969999,28.950001,29.040001,6509400,26.033043,0,0,0,0,1
2017-03-22,28.450001,30.08,28.290001,29.4,7020200,26.355766,1,0,0,0,0
2017-03-23,29.040001,29.629999,28.43,29.24,7074400,26.212334,0,1,0,0,0
2017-03-24,29.5,29.51,28.549999,29,3917800,25.997185,0,0,0,1,0
2017-03-27,27.99,29.620001,27.25,29.389999,6849000,26.346802,0,0,1,0,0
2017-03-28,29.67,30,29.360001,29.809999,4456400,26.723312,0,0,0,0,1
2017-03-29,30.08,30.52,29.549999,30.110001,3106200,26.99225,1,0,0,0,0
2017-03-30,30,30.389999,29.75,30.1,2264400,26.983284,0,1,0,0,0
2017-03-31,29.530001,30.35,29.290001,29.790001,4009400,26.705383,0,0,0,1,0
2017-04-03,29.809999,30,29.09,29.51,4092200,26.454376,0,0,1,0,0
2017-04-04,29.559999,30.709999,29.299999,30.65,2444400,27.476336,0,0,0,0,1
2017-04-05,31,31.48,29.27,29.450001,6253600,26.400589,1,0,0,0,0
2017-04-06,29.73,29.889999,28.65,28.91,5813500,25.916504,0,1,0,0,0
2017-04-07,28.200001,29.540001,27.93,29.15,7506100,26.131655,0,0,0,1,0
2017-04-10,29.139999,29.27,28.379999,29.030001,3787400,26.024078,0,0,1,0,0
2017-04-11,29.08,29.290001,27.82,28.66,5097200,25.692392,0,0,0,0,1
2017-04-12,27.6,28,27.280001,27.42,6287000,24.580786,1,0,0,0,0
2017-04-13,27.379999,27.9,27.280001,27.42,4377900,24.580786,0,1,0,0,0
2017-04-17,27.25,27.469999,26.68,27.43,5372400,24.589752,0,0,1,0,0
2017-04-18,26.549999,26.76,26.15,26.610001,7202100,23.854658,0,0,0,0,1
2017-04-19,26.9,27.440001,26.540001,26.67,6326900,23.908443,1,0,0,0,0
2017-04-20,27.290001,28.1,27.120001,28.049999,4599100,25.145552,0,1,0,0,0
2017-04-24,27.950001,27.959999,27.09,27.450001,3353600,25.428625,0,0,1,0,0
2017-04-25,27.32,28.35,27.120001,28.35,4663300,26.26235,0,0,0,0,1
2017-04-26,28.290001,28.59,27.73,27.73,5958400,25.688004,1,0,0,0,0
2017-04-27,27.889999,28.16,26.42,26.83,9359600,24.854279,0,1,0,0,0
2017-04-28,27.139999,27.709999,27.07,27.469999,4813800,25.447149,0,0,0,1,0
2017-05-02,27.700001,28.18,27.6,28.059999,7808800,25.993704,0,0,0,0,1
2017-05-03,27.6,27.709999,26.309999,26.32,7963600,24.381832,1,0,0,0,0
2017-05-04,25.950001,25.950001,25.059999,25.35,7726700,23.483267,0,1,0,0,0
2017-05-05,25.200001,26.4,25.200001,26.049999,4286600,24.131716,0,0,0,1,0
2017-05-08,26,26.15,25.43,26.030001,4552200,24.11319,0,0,1,0,0
2017-05-09,26.4,26.82,26.18,26.5,3980000,24.548578,0,0,0,0,1
2017-05-10,26.879999,27.049999,26.18,26.559999,4532500,24.60416,1,0,0,0,0
2017-05-11,26.620001,26.709999,26.18,26.32,3413600,24.381832,0,1,0,0,0
2017-05-12,26.68,26.700001,25.74,25.91,3855800,24.002026,0,0,0,1,0
2017-05-15,26.07,26.65,25.92,26.65,7381800,24.687532,0,0,1,0,0
2017-05-16,26.82,27.42,26.68,27.26,7050000,25.252615,0,0,0,0,1
2017-05-17,27.33,27.48,26.629999,26.84,5442000,24.863541,1,0,0,0,0
2017-05-18,25,27.4,25,26.860001,20151200,24.882069,0,1,0,0,0
2017-05-19,27.15,27.969999,27,27.25,6492700,25.243349,0,0,0,1,0
2017-05-22,27.25,28.17,26.92,27.92,7988700,25.864014,0,0,1,0,0
2017-05-23,27.75,28.360001,27.16,28.26,5465400,26.178976,0,0,0,0,1
2017-05-24,28.129999,28.129999,27.27,27.52,4327900,25.493469,1,0,0,0,0
2017-05-25,27.51,27.940001,27.15,27.700001,3999300,25.660213,0,1,0,0,0
2017-05-26,27.49,27.92,27.33,27.860001,2957000,25.808432,0,0,0,1,0
2017-05-29,27.860001,27.860001,27.860001,27.860001,0,25.808432,0,0,1,0,0
2017-05-30,28.15,28.9,27.92,28.6,3075700,26.493938,0,0,0,0,1
2017-05-31,28.200001,28.27,26.870001,27.17,9452200,25.169241,1,0,0,0,0
2017-06-01,27.15,27.370001,26.49,26.67,6907500,24.70606,0,1,0,0,0
2017-06-02,26.9,26.99,26.389999,26.780001,2607700,24.807962,0,0,0,1,0
2017-06-05,26.35,26.65,26.219999,26.49,3460900,24.539316,0,0,1,0,0
2017-06-06,26.309999,27.16,26.309999,26.58,5873900,24.622688,0,0,0,0,1
2017-06-07,26.9,27.040001,26.33,26.450001,5915000,24.502262,1,0,0,0,0
2017-06-08,26.35,27.280001,26.32,27.02,5173400,25.030289,0,1,0,0,0
2017-06-09,27.16,27.540001,26.93,27.299999,5224300,25.289667,0,0,0,1,0
2017-06-12,27.389999,27.51,26.530001,26.84,5193200,24.863541,0,0,1,0,0
2017-06-13,26.65,26.889999,26.15,26.370001,4573400,24.428154,0,0,0,0,1
2017-06-14,26.639999,26.73,25.809999,26.1,7635700,24.178034,1,0,0,0,0
2017-06-15,26.1,26.1,26.1,26.1,0,24.178034,0,1,0,0,0
2017-06-16,25.809999,26.01,25.4,25.559999,13039700,23.677799,0,0,0,1,0
2017-06-19,25.99,26.889999,25.9,26.389999,5766200,24.446678,0,0,1,0,0
2017-06-20,26.120001,26.139999,25.52,25.709999,4380800,23.816753,0,0,0,0,1
2017-06-21,25.9,26.780001,25.799999,26.469999,2751800,24.520788,1,0,0,0,0
2017-06-22,26.450001,27.51,26.32,27.02,4726200,25.030289,0,1,0,0,0
2017-06-23,27.02,27.49,26.77,27.24,4854600,25.234087,0,0,0,1,0
2017-06-26,27.34,27.67,27.299999,27.469999,4047300,25.447149,0,0,1,0,0
2017-06-27,28.35,28.950001,27.889999,27.92,7473000,25.864014,0,0,0,0,1
2017-06-28,28.51,28.879999,28.34,28.790001,8527200,26.669949,1,0,0,0,0
2017-06-29,29.120001,29.370001,28.51,28.9,4333400,26.771847,0,1,0,0,0
2017-06-30,28.950001,29.190001,28.66,29,4749000,26.864483,0,0,0,1,0
2017-07-03,29.26,29.709999,29.1,29.65,2172000,27.466616,0,0,1,0,0
2017-07-04,29.459999,29.620001,29.360001,29.620001,1058400,27.438828,0,0,0,0,1
2017-07-05,29.629999,29.85,28.719999,28.93,6447900,26.799639,1,0,0,0,0
2017-07-06,28.84,28.98,28.440001,28.92,4847500,26.790375,0,1,0,0,0
2017-07-07,29.120001,29.379999,28.43,28.889999,4652000,26.762581,0,0,0,1,0
2017-07-10,28.9,29.75,28.620001,29.709999,5053400,27.5222,0,0,1,0,0
2017-07-11,29.83,30.09,29.639999,30.040001,4949900,27.8279,0,0,0,0,1
2017-07-12,30.200001,30.290001,29.469999,29.9,8527700,27.69821,1,0,0,0,0
2017-07-13,30.110001,30.24,29.02,29.18,7776800,27.031229,0,1,0,0,0
2017-07-14,29.450001,29.709999,29.299999,29.52,3751600,27.346191,0,0,0,1,0
2017-07-17,29.85,30.27,29.639999,29.719999,4661400,27.531462,0,0,1,0,0
2017-07-18,29.9,30.040001,29.52,29.9,4000600,27.69821,0,0,0,0,1
2017-07-19,30.01,30.17,29.73,29.9,4403100,27.69821,1,0,0,0,0
2017-07-20,29.83,29.83,28.65,28.719999,5930800,26.605101,0,1,0,0,0
2017-07-21,28.700001,29.040001,28.32,28.5,5482100,26.4013,0,0,0,1,0
2017-07-24,28.620001,29.16,28.5,29.129999,4207500,26.984907,0,0,1,0,0
2017-07-25,29.559999,30.65,29.559999,30.610001,11658200,28.355927,0,0,0,0,1
2017-07-26,30.9,30.9,29.65,29.66,10680100,27.475882,1,0,0,0,0
2017-07-27,29.66,30.209999,29.27,29.700001,5584000,27.512936,0,1,0,0,0
2017-07-28,29.530001,30.35,29.33,30.34,5155700,28.105806,0,0,0,1,0
2017-07-31,31.5,31.52,31.040001,31.299999,6300800,28.995113,0,0,1,0,0
2017-08-01,31.25,31.25,30.700001,31.059999,4329100,28.772789,0,0,0,0,1
2017-08-02,30.700001,31.27,30.540001,31.110001,6171300,28.819107,1,0,0,0,0
2017-08-03,31.139999,31.23,30.639999,30.68,5056500,28.420771,0,1,0,0,0
2017-08-04,30.959999,31.49,30.74,31.23,4577600,28.930269,0,0,0,1,0
2017-08-07,31.6,32.43,31.59,32.419998,7800300,30.032639,0,0,1,0,0
2017-08-08,32.09,32.619999,31.559999,32.049999,9706400,29.689884,0,0,0,0,1
2017-08-09,32,32.25,31.700001,31.92,7870700,29.56946,1,0,0,0,0
2017-08-10,31.790001,32.029999,31.389999,31.5,7393600,29.180387,0,1,0,0,0
2017-08-11,31.27,31.27,30.559999,30.799999,13613400,28.531935,0,0,0,1,0
2017-08-14,30.780001,31.469999,30.540001,31.299999,16902200,28.995113,0,0,1,0,0
2017-08-15,31.299999,31.450001,30.690001,31.120001,17847800,28.828369,0,0,0,0,1
2017-08-16,31.4,32.07,31.32,31.73,26011500,29.39345,1,0,0,0,0
2017-08-17,31.889999,32.040001,31.110001,31.200001,14095900,28.902477,0,1,0,0,0
2017-08-18,31.799999,32.049999,31.41,31.549999,24390300,29.226704,0,0,0,1,0
2017-08-21,31.99,32.240002,31.709999,31.75,19990400,29.411976,0,0,1,0,0
2017-08-22,32.349998,32.389999,31.709999,31.860001,19230300,29.513878,0,0,0,0,1
2017-08-23,31.74,32.549999,31.6,32.540001,15451900,30.143803,1,0,0,0,0
2017-08-24,32.560001,34,32.330002,33.880001,20534600,31.385128,0,1,0,0,0
2017-08-25,34.119999,34.330002,33.419998,33.830002,16366000,31.33881,0,0,0,1,0
2017-08-28,33.700001,34.490002,33.650002,34.360001,15021800,31.829782,0,0,1,0,0
2017-08-29,34,34.66,33.91,34.439999,15689600,31.903889,0,0,0,0,1
2017-08-30,34.5,34.709999,34.240002,34.34,14021600,31.811251,1,0,0,0,0
2017-08-31,34.919998,35.18,34.450001,35.080002,56429700,32.496765,0,1,0,0,0
2017-09-01,35.5,35.98,35.259998,35.669998,22554600,33.043312,0,0,0,1,0
2017-09-04,35.380001,36.189999,35.310001,36.099998,15002800,33.441647,0,0,1,0,0
2017-09-05,36.5,36.689999,35.18,35.599998,24227100,32.97847,0,0,0,0,1
2017-09-06,35.82,36.09,35.470001,35.799999,18117700,33.163742,1,0,0,0,0
2017-09-07,35.799999,35.799999,35.799999,35.799999,0,33.163742,0,1,0,0,0
2017-09-08,35.689999,36.110001,34.470001,34.48,23042000,31.940943,0,0,0,1,0
2017-09-11,34.799999,35.209999,34.73,35.09,19131800,32.506027,0,0,1,0,0
2017-09-12,35.369999,35.73,35.23,35.259998,16114100,32.663502,0,0,0,0,1
2017-09-13,35.049999,35.130001,34.389999,34.77,21951600,32.209587,1,0,0,0,0
2017-09-14,34,34.099998,33.349998,33.619999,24324600,31.144272,0,1,0,0,0
2017-09-15,33.360001,34.139999,33.299999,33.799999,34216900,31.311018,0,0,0,1,0
2017-09-18,33.810001,34.310001,33.779999,34.25,18617700,31.727882,0,0,1,0,0
2017-09-19,33.799999,33.990002,33.330002,33.919998,17106900,31.42218,0,0,0,0,1
2017-09-20,33.880001,34.150002,32.77,33.169998,24175400,30.727409,1,0,0,0,0
2017-09-21,32.650002,32.77,32.16,32.509998,26157600,30.116007,0,1,0,0,0
2017-09-22,32.150002,32.380001,31.85,31.91,16957700,29.560196,0,0,0,1,0
2017-09-25,31.799999,32.290001,31,31.09,21014300,28.800579,0,0,1,0,0
2017-09-26,31.469999,31.93,31.41,31.5,17114500,29.180387,0,0,0,0,1
2017-09-27,31.98,32.25,31.030001,31.93,26241300,29.578722,1,0,0,0,0
2017-09-28,31.51,31.85,31.280001,31.75,17561400,29.411976,0,1,0,0,0
2017-09-29,32.139999,32.400002,31.610001,31.870001,16047100,29.52314,0,0,0,1,0
2017-10-02,32.25,32.43,31.870001,31.9,13596900,29.550932,0,0,1,0,0
2017-10-03,32.09,32.68,31.76,32.68,23474600,30.273493,0,0,0,0,1
2017-10-04,32.880001,33.07,32.610001,32.610001,17562500,30.208649,1,0,0,0,0
2017-10-05,33,33.189999,32.240002,32.27,17253100,29.893684,0,1,0,0,0
2017-10-06,32.07,32.150002,31.83,32.139999,12450500,29.773258,0,0,0,1,0
2017-10-09,32.049999,32.099998,31.26,31.5,13520900,29.180387,0,0,1,0,0
2017-10-10,31.65,31.700001,30.940001,31.32,20181500,29.013639,0,0,0,0,1
2017-10-11,30.940001,31.49,30.73,31.1,23041300,28.809841,1,0,0,0,0
2017-10-12,31.1,31.1,31.1,31.1,0,28.809841,0,1,0,0,0
2017-10-13,32.099998,33.099998,32,32.91,31395900,30.486555,0,0,0,1,0
2017-10-16,33.380001,33.639999,32.830002,33.349998,35861900,30.894156,0,0,1,0,0
2017-10-17,33.110001,33.32,32.580002,32.580002,19842700,30.180861,0,0,0,0,1
2017-10-18,32.759998,32.950001,31.790001,32.27,21210600,29.893684,1,0,0,0,0
2017-10-19,31.75,33.07,31.709999,33,18549800,30.569929,0,1,0,0,0
2017-10-20,33.75,33.779999,32.950001,32.950001,24301000,30.523611,0,0,0,1,0
2017-10-23,33,33.200001,32.639999,32.709999,11948700,30.301283,0,0,1,0,0
2017-10-24,32.880001,33.830002,32.549999,33.830002,19996200,31.33881,0,0,0,0,1
2017-10-25,33.630001,33.860001,33.07,33.549999,16724100,31.079428,1,0,0,0,0
2017-10-26,33.869999,33.900002,32.669998,32.669998,25302400,30.264227,0,1,0,0,0
2017-10-27,32.290001,32.869999,32.029999,32.549999,17377200,30.153067,0,0,0,1,0
2017-10-30,32.189999,32.93,31.84,32.349998,19401600,29.967794,0,0,1,0,0
2017-10-31,32.419998,32.689999,32.009998,32.099998,14629600,29.7362,0,0,0,0,1
2017-11-01,32.799999,33.279999,32.689999,32.82,29709500,30.403185,1,0,0,0,0
2017-11-02,32.82,32.82,32.82,32.82,0,30.403185,0,1,0,0,0
2017-11-03,33.200001,33.540001,33,33.540001,29217800,31.070168,0,0,0,1,0
2017-11-06,33.889999,34.34,33.830002,34.34,26333200,31.811251,0,0,1,0,0
2017-11-07,34.240002,34.240002,33.52,33.52,20239700,31.05164,0,0,0,0,1
2017-11-08,33.810001,33.950001,33.450001,33.939999,11580800,31.440704,1,0,0,0,0
2017-11-09,33.700001,33.709999,32.799999,32.799999,19246700,30.384657,0,1,0,0,0
2017-11-10,32.779999,33.029999,32.5,32.77,12199100,30.356865,0,0,0,1,0
2017-11-13,32.84,33.439999,32.59,33.139999,12424700,30.699619,0,0,1,0,0
2017-11-14,33.02,33.099998,31.940001,32.16,23389800,29.791784,0,0,0,0,1
2017-11-15,32.16,32.16,32.16,32.16,0,29.791784,1,0,0,0,0
2017-11-16,32.459999,32.790001,32.029999,32.599998,16280300,30.199383,0,1,0,0,0
2017-11-17,32.59,33.169998,32.32,32.919998,13771300,30.495821,0,0,0,1,0
2017-11-20,32.919998,32.919998,32.919998,32.919998,0,30.495821,0,0,1,0,0
2017-11-21,33.290001,34.049999,33.150002,34.049999,23741300,31.542608,0,0,0,0,1
2017-11-22,34.400002,34.970001,34.279999,34.740002,22150200,32.181801,1,0,0,0,0
2017-11-23,34.830002,35.349998,34.57,35.200001,11962000,32.607922,0,1,0,0,0
2017-11-24,35.18,35.849998,35.110001,35.790001,30784900,33.15448,0,0,0,1,0
2017-11-27,35.459999,35.779999,35.080002,35.41,15112700,32.802464,0,0,1,0,0
2017-11-28,35.450001,36.650002,35.25,36.25,28591400,33.580601,0,0,0,0,1
2017-11-29,36.279999,36.580002,35.630001,35.700001,18176000,33.071106,1,0,0,0,0
2017-11-30,35.700001,36.080002,34.93,35.139999,25417200,32.552345,0,1,0,0,0
2017-12-01,35.200001,35.970001,34.889999,35.48,17204100,32.867306,0,0,0,1,0
2017-12-04,35.959999,36.98,35.849998,36.830002,22600100,34.117889,0,0,1,0,0
2017-12-05,36.810001,37.400002,36.02,36.02,25898800,33.367542,0,0,0,0,1
2017-12-06,35.580002,35.990002,35.360001,35.759998,20400800,33.126686,1,0,0,0,0
2017-12-07,35.049999,35.5,34.900002,35.34,19876200,32.737617,0,1,0,0,0
2017-12-08,35.810001,35.950001,35.459999,35.48,21502200,32.867306,0,0,0,1,0
2017-12-11,35.830002,36,35.48,35.759998,14785300,33.126686,0,0,1,0,0
2017-12-12,35.630001,36.18,35.220001,36.18,17624400,33.515759,0,0,0,0,1
2017-12-13,36.43,36.48,36.049999,36.110001,21135300,33.450912,1,0,0,0,0
2017-12-14,35.91,36.580002,35.790001,36.240002,17718000,33.571342,0,1,0,0,0
2017-12-15,36.509998,37.279999,36.360001,36.889999,32954100,34.173477,0,0,0,1,0
2017-12-18,37.490002,38.02,37.34,37.84,24339300,35.05352,0,0,1,0,0
2017-12-19,37.709999,38.099998,37.639999,37.849998,14041000,35.062778,0,0,0,0,1
2017-12-20,37.970001,39.209999,37.970001,39.150002,19218100,36.267052,1,0,0,0,0
2017-12-21,39.099998,39.73,39.080002,39.73,11772500,36.804337,0,1,0,0,0
2017-12-22,39.34,39.830002,39.220001,39.790001,10140000,37.253666,0,0,0,1,0
2017-12-25,39.790001,39.790001,39.790001,39.790001,0,37.253666,0,0,1,0,0
2017-12-26,39.610001,40,39.02,39.849998,9986600,37.309837,0,0,0,0,1
2017-12-27,39.799999,40.209999,39.630001,39.860001,9943000,37.319202,1,0,0,0,0
2017-12-28,40.009998,40.259998,39.93,40.259998,9963300,37.693699,0,1,0,0,0
2017-12-29,40.259998,40.259998,40.259998,40.259998,0,37.693699,0,0,0,1,0
2018-01-02,40.439999,41.740002,40.439999,41.720001,14156500,39.060638,0,0,0,0,1
2018-01-03,41.830002,41.880001,41.299999,41.470001,12744200,38.826576,1,0,0,0,0
2018-01-04,41.810001,42.369999,41.52,41.639999,18433000,38.985741,0,1,0,0,0
2018-01-05,41.57,42.290001,41.310001,42.290001,15251300,39.594303,0,0,0,1,0
2018-01-08,42.400002,43.23,42.400002,43.23,14542800,40.474384,0,0,1,0,0
2018-01-09,43.580002,43.75,42.93,43.07,15986200,40.324589,0,0,0,0,1
2018-01-10,42.740002,42.950001,42.419998,42.470001,12149500,39.762829,1,0,0,0,0
2018-01-11,42.599998,43.299999,42.599998,43.299999,10236300,40.539925,0,1,0,0,0
2018-01-12,42.950001,43.66,42.75,43.549999,15014300,40.773987,0,0,0,1,0
2018-01-15,43.5,43.720001,43.27,43.470001,7253400,40.699089,0,0,1,0,0
2018-01-16,42.98,43.139999,42.299999,42.299999,20121900,39.603668,0,0,0,0,1
2018-01-17,42.400002,43.220001,42.360001,43.150002,16490700,40.399487,1,0,0,0,0
2018-01-18,43.5,43.610001,42.68,42.860001,10772100,40.127972,0,1,0,0,0
2018-01-19,43.200001,43.400002,42.599998,42.880001,11173100,40.146698,0,0,0,1,0
2018-01-22,43.099998,43.16,42.220001,42.650002,11580900,39.931362,0,0,1,0,0
2018-01-23,41.990002,42.110001,40.810001,40.93,22075600,38.320992,0,0,0,0,1
2018-01-24,41.209999,42.130001,41.139999,41.779999,22096600,39.11681,1,0,0,0,0
2018-01-25,41.779999,41.779999,41.779999,41.779999,0,39.11681,0,1,0,0,0
2018-01-26,41.849998,41.880001,40.709999,41.43,19259500,38.789124,0,0,0,1,0
2018-01-29,41.099998,42.240002,41.040001,41.889999,16752900,39.219803,0,0,1,0,0
2018-01-30,41.700001,41.959999,41.23,41.470001,13180300,38.826576,0,0,0,0,1
2018-01-31,41.75,42.68,41.450001,41.450001,22859700,38.80785,1,0,0,0,0
2018-02-01,41.599998,42.470001,41.57,41.790001,21949700,39.126175,0,1,0,0,0
2018-02-02,41.650002,41.650002,40.75,40.799999,17892300,38.199284,0,0,0,1,0
2018-02-05,40.599998,42.040001,40.330002,40.349998,22452800,37.777966,0,0,1,0,0
2018-02-06,40.009998,42.470001,39.93,42.470001,26037000,39.762829,0,0,0,0,1
2018-02-07,42.43,42.720001,41.700001,41.709999,20560700,39.051277,1,0,0,0,0
2018-02-08,41.689999,42.130001,41.07,41.59,18928800,38.938923,0,1,0,0,0
2018-02-09,41.400002,42.400002,41.029999,42,22760500,39.322792,0,0,0,1,0
2018-02-15,45.009998,45.959999,44.950001,45.950001,31043100,43.021004,0,1,0,0,0
2018-02-16,45.82,46.189999,45.470001,46.029999,21107300,43.095905,0,0,0,1,0
2018-02-19,46.099998,46.799999,45.959999,46.450001,12756100,43.489132,0,0,1,0,0
2018-02-20,46.049999,46.450001,45.240002,45.509998,18417600,42.609047,0,0,0,0,1
2018-02-21,45.509998,45.959999,44.709999,44.799999,24312600,41.944309,1,0,0,0,0
2018-02-22,45.23,45.68,45.119999,45.669998,14081800,42.758854,0,1,0,0,0
2018-02-23,46,46.41,45.650002,46.080002,17489800,43.142719,0,0,0,1,0
2018-02-26,46.740002,47.400002,46.689999,47.400002,20374600,44.378582,0,0,1,0,0
2018-02-27,47.470001,47.599998,46.709999,47.330002,15063400,44.313042,0,0,0,0,1
2018-02-28,46.990002,47.09,44.650002,45.049999,39459100,42.178371,1,0,0,0,0
2018-03-01,45.209999,45.630001,43.970001,44.450001,25776000,41.616619,0,1,0,0,0
2018-03-02,43.799999,43.880001,42.740002,43.75,25236200,40.961239,0,0,0,1,0
2018-03-05,43.48,43.939999,42.880001,43.700001,16100600,40.914429,0,0,1,0,0
2018-03-06,44.5,44.919998,43.419998,43.490002,22342000,40.717815,0,0,0,0,1
2018-03-07,42.509998,43.02,42.200001,42.849998,19334700,40.574371,1,0,0,0,0
2018-03-08,42.68,42.790001,41.25,41.459999,19983100,39.25819,0,1,0,0,0
2018-03-09,40.970001,42.27,40.509998,42.099998,21077800,39.864201,0,0,0,1,0
2018-03-12,42.290001,42.630001,41.939999,42.459999,11838200,40.205082,0,0,1,0,0
2018-03-13,42.740002,42.799999,42.049999,42.130001,13838900,39.892609,0,0,0,0,1
2018-03-14,42.849998,43.34,42.57,42.599998,17936000,40.337643,1,0,0,0,0
2018-03-15,42.700001,42.82,42.130001,42.400002,16039100,40.14827,0,1,0,0,0
2018-03-16,42.400002,42.599998,42.049999,42.299999,26802000,40.053581,0,0,0,1,0
2018-03-19,41.52,41.52,40.669998,41.099998,21861500,38.917305,0,0,1,0,0
2018-03-20,41.099998,41.919998,40.93,41.599998,9322500,39.390755,0,0,0,0,1
2018-03-21,41.75,42.689999,41.43,42.5,19798000,40.242958,1,0,0,0,0
2018-03-22,41.939999,42.25,41.619999,41.93,15229500,39.703228,0,1,0,0,0
2018-03-23,41.240002,42.200001,41.009998,41.599998,14983200,39.390755,0,0,0,1,0
2018-03-26,42,42.380001,41.610001,42,9850900,39.769512,0,0,1,0,0
2018-03-27,42.389999,42.389999,40.720001,40.860001,11659800,38.690052,0,0,0,0,1
2018-03-28,40.610001,41.700001,40.060001,41.540001,19038400,39.333942,1,0,0,0,0
2018-03-29,41.869999,42.75,41.740002,42.209999,20347700,39.968361,0,1,0,0,0
2018-04-02,42.32,43.470001,42.32,43,18944000,40.716404,0,0,1,0,0
2018-04-03,43.400002,43.549999,42.439999,42.869999,13693900,40.593307,0,0,0,0,1
2018-04-04,41.799999,42.599998,41.59,42.549999,12440000,40.290302,1,0,0,0,0
2018-04-05,43.310001,43.689999,43.029999,43.25,14686600,40.953129,0,1,0,0,0
2018-04-06,42.91,43.099998,42.25,42.740002,11282700,40.470215,0,0,0,1,0
2018-04-09,43.07,43.23,42.209999,42.950001,11918100,40.66906,0,0,1,0,0
2018-04-10,43.799999,44.84,43.669998,44.84,22479700,42.458687,0,0,0,0,1
2018-04-11,44.560001,45.060001,44.220001,44.639999,17709600,42.26931,1,0,0,0,0
2018-04-12,44.419998,44.860001,44.32,44.810001,9812400,42.430283,0,1,0,0,0
2018-04-13,44.849998,45.169998,44.599998,44.98,15483300,42.591251,0,0,0,1,0
2018-04-16,44.610001,44.849998,44.310001,44.540001,11434200,42.174618,0,0,1,0,0
2018-04-17,44.599998,46,44.560001,45.93,13348000,43.490799,0,0,0,0,1
2018-04-18,47,48.080002,46.849998,47.48,27655600,44.958485,1,0,0,0,0
2018-04-19,47.779999,48.169998,47.400002,47.830002,16092700,45.289902,0,1,0,0,0
2018-04-20,47.759998,47.900002,47.330002,47.630001,10188600,45.100521,0,0,0,1,0
2018-04-23,47.220001,47.98,47.060001,47.5,11785300,44.977425,0,0,1,0,0
2018-04-24,47.700001,48.59,47.700001,48.310001,15113400,45.744408,0,0,0,0,1
2018-04-25,47.75,48.490002,47.439999,47.950001,15525500,45.403526,1,0,0,0,0
2018-04-26,47.700001,49,47.619999,48.700001,13273500,46.113697,0,1,0,0,0
2018-04-27,48.900002,49.150002,47.860001,48.349998,14624200,45.78228,0,0,0,1,0
2018-04-30,48.259998,48.830002,48.150002,48.669998,8464400,46.085289,0,0,1,0,0
2018-05-02,48.5,49.32,48.419998,48.709999,16526500,46.123165,1,0,0,0,0
2018-05-03,48.810001,49.330002,48.580002,49.09,14025900,46.482983,0,1,0,0,0
2018-05-04,48.919998,49.900002,48.919998,49.700001,14861100,47.060589,0,0,0,1,0
2018-05-07,49.720001,50.040001,49.110001,49.240002,15433900,46.625019,0,0,1,0,0
2018-05-08,49.25,49.68,48.91,49.189999,22420400,46.577671,0,0,0,0,1
2018-05-09,49.419998,50.419998,49.330002,50.25,16776100,47.581379,1,0,0,0,0
2018-05-10,50.41,51.400002,50.380001,51.400002,14314200,48.670311,0,1,0,0,0
2018-05-11,51.77,53.580002,51.75,52.630001,21432500,49.834984,0,0,0,1,0
2018-05-14,53.080002,54.400002,53,54.27,15847800,51.38789,0,0,1,0,0
2018-05-15,53.810001,54.650002,53.18,54.650002,15954500,51.747711,0,0,0,0,1
2018-05-16,55.330002,56,55.139999,55.900002,20944200,52.931328,1,0,0,0,0
2018-05-17,55.299999,55.799999,54.75,55.380001,20241200,52.438942,0,1,0,0,0
2018-05-18,54.700001,55.5,53.450001,54.77,22361100,51.86134,0,0,0,1,0
2018-05-21,55.009998,55.099998,53,53,22608800,50.185333,0,0,1,0,0
2018-05-22,52.869999,53.060001,51.869999,52.34,20491700,49.560387,0,0,0,0,1
2018-05-23,51.799999,52.240002,51.25,51.939999,15703000,49.181625,1,0,0,0,0
2018-05-24,51.32,53,51.259998,52.459999,14500200,49.674015,0,1,0,0,0
2018-05-25,52.580002,52.790001,51.049999,51.48,13141500,48.746056,0,0,0,1,0
2018-05-28,50.900002,52.459999,50.709999,51.07,13832600,48.357834,0,0,1,0,0
2018-05-29,51.970001,52.060001,49.990002,50.16,18697800,47.496159,0,0,0,0,1
2018-05-30,50.209999,51.349998,49.700001,50.630001,25861400,47.9412,1,0,0,0,0
2018-06-01,50.900002,53.080002,50.650002,52.759998,20424100,49.958076,0,0,0,1,0
2018-06-04,53.18,53.450001,51.759998,52.52,13964100,49.730827,0,0,1,0,0
2018-06-05,52.5,54,52.5,53.73,16988600,50.876564,0,0,0,0,1
2018-06-06,54.5,56.23,54.490002,56.07,26835500,53.0923,1,0,0,0,0
2018-06-07,56.459999,56.75,53.07,54.369999,32389900,51.482578,0,1,0,0,0
2018-06-08,53.990002,53.990002,50.66,50.889999,30421100,48.187389,0,0,0,1,0
2018-06-11,51.369999,52,50.59,50.849998,14362000,48.149513,0,0,1,0,0
2018-06-12,50.5,52.360001,50.16,51.700001,18403200,48.954372,0,0,0,0,1
2018-06-13,51.98,52.240002,50.73,51.549999,15599000,48.81234,1,0,0,0,0
2018-06-14,51.869999,51.889999,50.75,51.709999,18827200,48.963844,0,1,0,0,0
2018-06-15,51.400002,51.439999,48.700001,49.130001,36611400,46.520863,0,0,0,1,0
2018-06-18,48.619999,49.290001,47.860001,49.209999,20490400,46.596607,0,0,1,0,0
2018-06-19,47.700001,48.75,47.029999,48.299999,26764800,45.734936,0,0,0,0,1
2018-06-20,49.049999,49.080002,48.07,48.810001,14448400,46.217854,1,0,0,0,0
2018-06-21,48.509998,49.200001,47.040001,47.209999,13952800,44.70282,0,1,0,0,0
2018-06-22,48.150002,48.470001,47.48,48.009998,9632500,45.460339,0,0,0,1,0
2018-06-25,47.700001,47.799999,46.259998,47.16,13800400,44.655479,0,0,1,0,0
2018-06-26,47.5,48.34,46.630001,48.34,15460100,45.772816,0,0,0,0,1
2018-06-27,48.48,49.279999,47.900002,48.150002,14471100,45.592903,1,0,0,0,0
2018-06-28,47.849998,49.439999,47.5,49.07,16298400,46.464046,0,1,0,0,0
2018-06-29,49.700001,50.099998,49.049999,49.59,12248000,46.956429,0,0,0,1,0
2018-07-02,48.889999,49.189999,48.52,48.759998,8222800,46.170509,0,0,1,0,0
2018-07-03,49.299999,49.490002,47.959999,47.959999,11486600,45.412994,0,0,0,0,1
2018-07-04,48.169998,48.369999,47.599998,48.029999,6147000,45.479275,1,0,0,0,0
2018-07-05,48.549999,49.77,48.310001,49.700001,12179600,47.060589,0,1,0,0,0
2018-07-06,49.790001,50.439999,49.389999,50.34,8582200,47.666599,0,0,0,1,0
2018-07-10,50.700001,51.099998,49.349998,49.529999,10935700,46.899616,0,0,0,0,1
2018-07-11,48.5,49.099998,48.450001,48.860001,12912600,46.265198,1,0,0,0,0
2018-07-12,49.349998,50.669998,48.959999,50.450001,20765500,47.770756,0,1,0,0,0
2018-07-13,50.599998,50.889999,49.93,50.310001,15555400,47.638195,0,0,0,1,0
2018-07-16,50.310001,50.599998,49.599998,50,12550000,47.344654,0,0,1,0,0
2018-07-17,50.130001,51.02,49.700001,50.700001,11553600,48.007484,0,0,0,0,1
2018-07-18,51.150002,51.669998,50.82,51.450001,9762900,48.717651,1,0,0,0,0
2018-07-19,50.709999,50.75,49.060001,49.43,20977000,46.804928,0,1,0,0,0
2018-07-20,49.59,49.860001,48.630001,48.720001,16788900,46.132633,0,0,0,1,0
2018-07-23,49.080002,50.130001,48.529999,49.599998,8554600,46.965897,0,0,1,0,0
2018-07-24,51.919998,52.389999,51.310001,51.310001,20910300,48.585091,0,0,0,0,1
2018-07-25,51.459999,51.75,50.740002,51.75,15263700,49.001717,1,0,0,0,0
2018-07-26,52.470001,53.18,52.400002,52.779999,54299500,49.977016,0,1,0,0,0
2018-07-27,53.48,53.669998,53.25,53.450001,21543400,50.611439,0,0,0,1,0
2018-07-30,53.700001,54.349998,53.560001,54.330002,15527200,51.444706,0,0,1,0,0
2018-07-31,54.200001,54.98,54.049999,54.84,15921000,51.92762,0,0,0,0,1
2018-08-01,53.400002,53.77,53.02,53.060001,36906000,50.242149,1,0,0,0,0
2018-08-02,52.09,53.09,51.5,52.84,19796400,50.033833,0,1,0,0,0
2018-08-03,52.310001,52.939999,51.330002,52.549999,15607700,51.193466,0,0,0,1,0
2018-08-06,52.099998,52.91,52,52.400002,11904900,51.04734,0,0,1,0,0
2018-08-07,53.389999,53.650002,52.630001,52.75,19065600,51.388302,0,0,0,0,1
2018-08-08,53.299999,53.330002,52.259998,52.400002,13076000,51.04734,1,0,0,0,0
2018-08-09,52.5,53.040001,51.73,51.84,12752800,50.501793,0,1,0,0,0
2018-08-10,51.41,51.91,50.720001,51.709999,14630800,50.375149,0,0,0,1,0
2018-08-13,52.07,52.689999,51.740002,52.279999,14720600,50.930435,0,0,1,0,0
2018-08-14,52.099998,52.91,51.77,52.759998,17475600,51.398041,0,0,0,0,1
2018-08-15,51.599998,51.98,50.349998,50.41,26625700,49.108707,1,0,0,0,0
2018-08-16,50.900002,51.029999,49.630001,49.720001,20125600,48.43652,0,1,0,0,0
2018-08-17,49.529999,51.189999,49.23,50.799999,17343200,49.48864,0,0,0,1,0
2018-08-20,51.099998,51.77,51.040001,51.439999,14783600,50.112118,0,0,1,0,0
2018-08-21,51.16,52.099998,51.02,51.73,13378300,50.39463,0,0,0,0,1
2018-08-22,51.650002,53.299999,51.630001,53.299999,13073500,51.924103,1,0,0,0,0
2018-08-23,53.099998,53.52,52.650002,53.349998,12263000,51.972813,0,1,0,0,0
2018-08-24,53.599998,54.459999,53.549999,54.150002,10971100,52.752163,0,0,0,1,0
2018-08-27,54.169998,55.669998,54.169998,55.669998,11205300,54.232922,0,0,1,0,0
2018-08-28,55.93,56.41,55.07,55.650002,17875600,54.213444,0,0,0,0,1
2018-08-29,55.25,56.16,55.139999,55.220001,10292800,53.794544,1,0,0,0,0
2018-08-30,55.299999,55.889999,54.400002,54.57,14432500,53.16132,0,1,0,0,0
2018-08-31,54.52,54.799999,53.310001,53.619999,15000000,52.235844,0,0,0,1,0
2018-09-03,53.299999,54.169998,53.209999,54.049999,4356600,52.654743,0,0,1,0,0
2018-09-04,53.599998,53.790001,52,52,10521800,50.657661,0,0,0,0,1
2018-09-05,52.080002,52.639999,51.75,52.150002,7100000,50.803791,1,0,0,0,0
2018-09-06,52.790001,53.869999,52.400002,53.48,12479400,52.099457,0,1,0,0,0
2018-09-10,53.91,54.040001,52.959999,53.220001,9341300,51.846172,0,0,1,0,0
2018-09-11,52.610001,52.990002,52.130001,52.59,10347800,51.232433,0,0,0,0,1
2018-09-12,53,53.709999,52.18,53.450001,14230800,52.070232,1,0,0,0,0
2018-09-13,53.700001,54.43,53.52,53.779999,14353500,52.391712,0,1,0,0,0
2018-09-14,54.099998,55.23,54.049999,55.200001,17021500,53.775059,0,0,0,1,0
2018-09-17,55.299999,55.57,54.790001,55.040001,12096900,53.61919,0,0,1,0,0
2018-09-18,55.630001,57.470001,55.509998,57.34,20647900,55.859814,0,0,0,0,1
2018-09-19,57.610001,58.939999,57.529999,58.580002,12451900,57.067806,1,0,0,0,0
2018-09-20,59.209999,59.610001,58.43,59.32,11264600,57.788704,0,1,0,0,0
2018-09-21,59.889999,61.009998,59.599998,61.009998,23057600,59.435074,0,0,0,1,0
2018-09-24,60.849998,61.25,60.150002,60.200001,9008600,58.645988,0,0,1,0,0
2018-09-25,60,62.220001,59.860001,62.200001,16840000,60.59436,0,0,0,0,1
2018-09-26,62.200001,62.419998,59.75,60.009998,24600600,58.460888,1,0,0,0,0
2018-09-27,60.220001,60.75,58.610001,59.48,20631400,57.944572,0,1,0,0,0
2018-09-28,58.849998,60.290001,58.849998,59.82,14753000,58.275795,0,0,0,1,0
2018-10-01,59.68,60.57,59.080002,60.400002,8976500,58.840824,0,0,1,0,0
2018-10-02,60.869999,61.740002,60.48,61.200001,20530200,59.620174,0,0,0,0,1
2018-10-03,62.009998,62.189999,59.32,59.950001,26674700,58.402439,1,0,0,0,0
2018-10-04,59.990002,60.34,58.669998,58.799999,14396500,57.282127,0,1,0,0,0
2018-10-05,57.849998,58.310001,57.23,57.490002,20202600,56.005943,0,0,0,1,0
2018-10-08,57,57.57,55.259998,57.049999,26384200,55.577301,0,0,1,0,0
2018-10-09,57.400002,58.32,56.720001,57.700001,17830500,56.210522,0,0,0,0,1
2018-10-10,57.380001,58.139999,55.889999,55.889999,14135900,54.447247,1,0,0,0,0
2018-10-11,56.439999,57.16,55.619999,56.48,15976400,55.022015,0,1,0,0,0
2018-10-15,56.950001,58.450001,56.84,57.669998,16290900,56.181293,0,0,1,0,0
2018-10-16,57.939999,58.849998,57.25,57.700001,15825800,56.210522,0,0,0,0,1
2018-10-17,58.34,58.919998,57.75,58.799999,21832000,57.282127,1,0,0,0,0
2018-10-18,58.849998,58.849998,56.32,56.5,17237800,55.0415,0,1,0,0,0
2018-10-19,57.099998,57.529999,56.360001,56.529999,13429700,55.070724,0,0,0,1,0
2018-10-22,57.700001,58.419998,57.029999,58.369999,14084400,56.863224,0,0,1,0,0
2018-10-23,57.310001,57.549999,56,56.75,20763100,55.285046,0,0,0,0,1
2018-10-24,57.400002,57.59,54.43,54.43,17954800,53.024933,1,0,0,0,0
2018-10-25,55.970001,56.040001,53.799999,54.610001,29494700,53.200287,0,1,0,0,0
2018-10-26,54.900002,55.889999,53.509998,55.599998,26630300,54.16473,0,0,0,1,0
2018-10-29,54.029999,54.389999,52.599998,53.099998,26198300,51.729267,0,0,1,0,0
2018-10-30,53.599998,54.849998,52.959999,53.869999,23799200,52.479389,0,0,0,0,1
2018-10-31,54.349998,56.709999,54.27,56.709999,26626000,55.246078,1,0,0,0,0
2018-11-01,56.75,58.259998,55.52,57.5,20420000,56.015686,0,1,0,0,0
2018-11-05,57.610001,58,57.040001,57.529999,15491800,56.04491,0,0,1,0,0
2018-11-06,57,57.849998,56.560001,57.23,11211000,55.752655,0,0,0,0,1
2018-11-07,57.790001,58.150002,57.400002,57.59,12982500,56.103363,1,0,0,0,0
2018-11-08,57.779999,58.77,57.02,57.02,16743700,55.548077,0,1,0,0,0
2018-11-09,56.5,57,54.130001,54.650002,29209700,53.239258,0,0,0,1,0
2018-11-12,55.099998,55.450001,54.400002,54.849998,15985200,53.43409,0,0,1,0,0
2018-11-13,54.900002,56.27,54.349998,56.27,18790200,54.817436,0,0,0,0,1
2018-11-14,55.209999,55.669998,54.25,55.16,28360900,53.736092,1,0,0,0,0
2018-11-16,55.849998,56.349998,55.150002,56.150002,19633700,54.700535,0,0,0,1,0
2018-11-19,56.150002,56.279999,54.810001,55.369999,12979700,53.940666,0,0,1,0,0
2018-11-21,54.150002,54.549999,53.709999,54.529999,18590600,53.122353,1,0,0,0,0
2018-11-22,54.689999,54.720001,53.75,54.040001,9255400,52.645004,0,1,0,0,0
2018-11-23,53.389999,53.389999,50.349998,50.349998,33531500,49.050255,0,0,0,1,0
2018-11-26,49.950001,51.09,49,50.119999,30327300,48.826191,0,0,1,0,0
2018-11-27,49.689999,50.490002,49.099998,49.919998,25582700,48.631355,0,0,0,0,1
2018-11-28,50.5,52.32,50.220001,52.299999,29038300,50.949917,1,0,0,0,0
2018-11-29,51.919998,52.73,51.130001,52,23362000,50.657661,0,1,0,0,0
2018-11-30,51.560001,53.689999,51.560001,52.799999,29502000,51.437012,0,0,0,1,0
2018-12-03,55.599998,55.68,53.740002,54.110001,32418200,52.713196,0,0,1,0,0
2018-12-04,54.349998,54.52,52.5,52.880001,26844200,51.514946,0,0,0,0,1
2018-12-05,53.299999,53.48,52.43,52.799999,9656100,51.437012,1,0,0,0,0
2018-12-06,51.700001,52.599998,51.07,52.299999,21376400,50.949917,0,1,0,0,0
2018-12-07,52.48,53.259998,51.09,51.290001,19472100,49.965992,0,0,0,1,0
2018-12-10,51.119999,51.639999,50.189999,50.200001,14331300,48.904129,0,0,1,0,0
2018-12-11,51.150002,51.740002,50.25,50.599998,19443900,49.2938,0,0,0,0,1
2018-12-12,51.150002,51.400002,50.349998,50.369999,15808900,49.06974,1,0,0,0,0
2018-12-13,50.849998,51.279999,50.25,50.599998,15149000,49.2938,0,1,0,0,0
2018-12-14,50.380001,51.189999,49.849998,50.880001,16910700,49.566574,0,0,0,1,0
2018-12-17,51.900002,52.27,51.029999,51.25,21401300,49.927025,0,0,1,0,0
2018-12-18,51.349998,52.189999,51.349998,51.439999,18988400,50.112118,0,0,0,0,1
2018-12-19,51.799999,52.400002,50.009998,50.009998,24414200,48.719032,1,0,0,0,0
2018-12-20,50.740002,51.169998,49.450001,49.810001,25323700,48.524197,0,1,0,0,0
2018-12-21,50.279999,51.25,50.220001,50.860001,28272600,49.547092,0,0,0,1,0
2018-12-26,50.110001,50.700001,49.400002,50.439999,13356400,49.137932,1,0,0,0,0
2018-12-27,50.099998,50.389999,49.279999,49.5,14332000,48.222198,0,1,0,0,0
2018-12-28,50.310001,51.200001,50.25,51,11914300,49.683475,0,0,0,1,0
2019-01-02,50.009998,51.369999,49.790001,51.09,17319600,49.771152,1,0,0,0,0
2019-01-03,50.799999,50.939999,48.400002,49,30120000,47.735104,0,1,0,0,0
2019-01-04,49.82,52.450001,49.82,52.189999,43360100,50.842758,0,0,0,1,0
2019-01-07,52.869999,53.650002,51.720001,51.91,20998900,50.569984,0,0,1,0,0
2019-01-08,52.200001,52.799999,51.619999,52.41,19925600,51.057079,0,0,0,0,1
2019-01-09,53.16,54.060001,52.830002,53.689999,27695500,52.304035,1,0,0,0,0
2019-01-10,53.23,53.290001,52.27,53.099998,18113600,51.729267,0,1,0,0,0
2019-01-11,53.259998,53.459999,52.380001,52.380001,12360400,51.027855,0,0,0,1,0
2019-01-14,51.98,52.700001,51.43,52.599998,14626300,51.242172,0,0,1,0,0
2019-01-15,52.849998,53.200001,51.869999,52.349998,14480300,50.998627,0,0,0,0,1
2019-01-16,52.400002,52.82,52.200001,52.650002,15375100,51.290886,1,0,0,0,0
2019-01-17,52.439999,54.709999,52.27,54.23,25525500,52.830097,0,1,0,0,0
2019-01-18,54.950001,55.599998,54.25,54.759998,25815900,53.346413,0,0,0,1,0
2019-01-21,54.849998,55.349998,54.389999,55.279999,10676600,53.852993,0,0,1,0,0
2019-01-22,54.48,55.080002,54.349998,55.080002,17154300,53.658157,0,0,0,0,1
2019-01-23,55.459999,55.900002,55.330002,55.650002,13470400,54.213444,1,0,0,0,0
2019-01-24,55.799999,56.200001,55.5,56.150002,14118200,54.700535,0,1,0,0,0
2019-01-28,45,45,42.360001,42.360001,183534500,41.266514,0,0,1,0,0
2019-01-29,43.27,44.689999,42.599998,42.740002,68335900,41.636703,0,0,0,0,1
2019-01-30,46.25,46.799999,44.98,46.599998,67892500,45.397057,1,0,0,0,0
2019-01-31,46.990002,47.439999,45.5,45.5,39814600,44.325455,0,1,0,0,0
2019-02-01,45.720001,46.330002,45.580002,46.25,21286700,45.056095,0,0,0,1,0
2019-02-04,46,46.099998,44.049999,44.68,35888900,43.526623,0,0,1,0,0
2019-02-05,44.450001,45.209999,43.810001,44.52,21992300,43.370754,0,0,0,0,1
2019-02-06,44,44.400002,42.459999,42.459999,29257400,41.36393,1,0,0,0,0
2019-02-07,42.150002,42.790001,41.209999,41.59,31403200,40.516388,0,1,0,0,0
2019-02-08,40.639999,43.59,40.509998,43.16,48169600,42.04586,0,0,0,1,0
2019-02-11,43.860001,44.049999,41.889999,42.02,30697300,40.935287,0,0,1,0,0
2019-02-12,42.5,44.330002,42.049999,44.299999,36421200,43.156433,0,0,0,0,1
2019-02-13,44.310001,45.990002,44.299999,45.490002,38153200,44.315716,1,0,0,0,0
2019-02-14,45.389999,45.939999,45.049999,45.66,24055400,44.481323,0,1,0,0,0
2019-02-15,45.400002,46.02,45.189999,45.880001,27877700,44.695648,0,0,0,1,0
2019-02-18,45.790001,46.150002,44.900002,45.25,18777400,44.081909,0,0,1,0,0
2019-02-19,45.5,45.939999,45.23,45.490002,20523500,44.315716,0,0,0,0,1
2019-02-20,45.900002,46.080002,44.939999,45.799999,25493000,44.61771,1,0,0,0,0
2019-02-21,45.84,46.09,45.130001,45.380001,21401300,44.208553,0,1,0,0,0
2019-02-22,45.700001,47.060001,45.57,46.990002,17580700,45.776993,0,0,0,1,0
2019-02-25,47.349998,47.75,46.400002,47.119999,16801500,45.903633,0,0,1,0,0
2019-02-26,46.790001,47.290001,46.599998,47.200001,10362900,45.981571,0,0,0,0,1
2019-02-27,47.25,47.25,46.34,46.830002,15004800,45.621124,1,0,0,0,0
2019-02-28,46.580002,47.099998,46.099998,47.099998,17877800,45.884151,0,1,0,0,0
2019-03-01,47.290001,47.5,44.549999,46.740002,29872100,45.533447,0,0,0,1,0
2019-03-07,47.830002,48.959999,47.720001,48.860001,21112500,47.598721,0,1,0,0,0
2019-03-08,48.259998,48.889999,47.650002,48.849998,25446000,47.588978,0,0,0,1,0
2019-03-11,48.900002,49.950001,48.610001,49.880001,20201600,48.592388,0,0,1,0,0
2019-03-12,49.799999,50.330002,49.549999,49.970001,15591300,48.680065,0,0,0,0,1
2019-03-13,49.939999,51,49.700001,50.700001,21999200,49.391224,1,0,0,0,0
2019-03-14,50.799999,50.93,50.200001,50.709999,17257400,49.400963,0,1,0,0,0
2019-03-15,50.799999,51.240002,50.400002,50.549999,26054400,49.245094,0,0,0,1,0
2019-03-18,50.25,50.669998,49.830002,50.459999,23021400,49.157417,0,0,1,0,0
2019-03-19,50.700001,52.389999,50.59,51.900002,32034400,50.560246,0,0,0,0,1
2019-03-20,51.450001,51.68,50.400002,50.560001,25667000,49.254837,1,0,0,0,0
2019-03-21,50.529999,51.470001,50.509998,50.889999,19660000,49.576317,0,1,0,0,0
2019-03-22,50.470001,51.330002,49.700001,50.049999,25714700,48.757999,0,0,0,1,0
2019-03-25,49.599998,50.310001,49.16,49.549999,15897500,48.270908,0,0,1,0,0
2019-03-26,49.810001,50.700001,49.799999,50.279999,13413800,48.982063,0,0,0,0,1
2019-03-27,50.049999,50.740002,49.310001,49.599998,20805100,48.319614,1,0,0,0,0
2019-03-28,50.509998,50.599998,48.619999,49.299999,28490000,48.027359,0,1,0,0,0
2019-03-29,49.950001,51.599998,49.950001,50.93,25118100,49.615284,0,0,0,1,0
2019-04-01,52.349998,53.049999,52.099998,52.599998,25392200,51.242172,0,0,1,0,0
2019-04-02,53.049999,53.299999,51.630001,51.630001,21442400,50.297215,0,0,0,0,1
2019-04-03,52.779999,52.830002,51.610001,51.779999,21477200,50.44334,1,0,0,0,0
2019-04-04,52,52.459999,51.619999,52.240002,10846200,50.891468,0,1,0,0,0
2019-04-05,52.200001,52.360001,51.700001,51.98,8359200,50.63818,0,0,0,1,0
2019-04-08,52.5,53.389999,52.360001,53.389999,14400900,52.01178,0,0,1,0,0
2019-04-09,53.18,53.299999,52.299999,52.349998,14745400,50.998627,0,0,0,0,1
2019-04-10,52.740002,52.740002,51.52,51.759998,15608000,50.423855,1,0,0,0,0
2019-04-11,51.5,51.860001,50.93,51.790001,10274300,50.453083,0,1,0,0,0
2019-04-12,52.09,52.720001,51.310001,51.48,16905900,50.151085,0,0,0,1,0
2019-04-15,51.59,51.720001,50.779999,51.330002,15787300,50.004959,0,0,1,0,0
2019-04-16,51.27,53.16,50.84,53.099998,18935600,51.729267,0,0,0,0,1
2019-04-17,53.16,53.799999,51.700001,52.25,26483700,50.901211000000004,1,0,0,0,0
2019-04-18,52.200001,52.970001,52.009998,52.580002,10706000,51.222691,0,1,0,0,0
2019-04-22,51.950001,52,50.799999,51.299999,16324700,49.975731,0,0,1,0,0
2019-04-23,51.59,51.919998,51.279999,51.919998,9890800,50.579727,0,0,0,0,1
2019-04-24,51.549999,51.740002,50.16,50.360001,19992800,49.059998,1,0,0,0,0
2019-04-25,50.23,50.43,49.380001,50.330002,15916200,49.030773,0,1,0,0,0
2019-04-26,50.48,50.650002,49.52,50.419998,10632700,49.118446,0,0,0,1,0
2019-04-29,50.939999,51.060001,50.119999,50.25,8729200,48.952839,0,0,1,0,0
2019-04-30,50.220001,50.689999,49.759998,50.099998,11371400,48.806709,0,0,0,0,1
2019-05-02,49.279999,49.279999,48.720001,48.939999,15906200,47.676651,0,1,0,0,0
2019-05-03,49.450001,50.630001,49.389999,50.400002,10614000,49.098969,0,0,0,1,0
2019-05-06,49.599998,49.75,49.09,49.66,10437300,48.378067,0,0,1,0,0
2019-05-07,49.349998,49.700001,48.720001,49.700001,15190600,48.417038,0,0,0,0,1
2019-05-08,49.82,50.139999,48.939999,49,18474900,47.735104,1,0,0,0,0
2019-05-09,49,49.009998,48.049999,48.540001,12456600,47.28698,0,1,0,0,0
2019-05-10,48.299999,49.799999,48.060001,49.459999,25272300,48.183231,0,0,0,1,0
2019-05-13,48.529999,48.75,47.43,47.43,18657700,46.205635,0,0,1,0,0
2019-05-14,48.18,48.349998,47.349998,47.59,14183900,46.361504,0,0,0,0,1
2019-05-15,47.150002,48.450001,47.02,47.950001,18447400,46.712212,1,0,0,0,0
2019-05-16,48.549999,48.93,45.82,46.400002,49247900,45.202225,0,1,0,0,0
2019-05-17,46.400002,47.720001,46.299999,47.720001,34079700,46.488148,0,0,0,1,0
2019-05-20,47.619999,47.740002,46.630001,46.75,23819100,45.543186,0,0,1,0,0
2019-05-21,47.099998,47.959999,46.09,47.459999,30644000,46.234859,0,0,0,0,1
2019-05-22,47.779999,48.689999,47.369999,47.540001,20349800,46.312794,1,0,0,0,0
2019-05-23,47.07,47.900002,46.419998,47.82,15786300,46.585567,0,1,0,0,0
2019-05-24,48.639999,49.43,48.330002,48.400002,23347000,47.150597,0,0,0,1,0
2019-05-27,49,50.25,48.900002,50.189999,17230000,48.894386,0,0,1,0,0
2019-05-28,49.950001,50.950001,49.849998,50.110001,26124100,48.816452,0,0,0,0,1
2019-05-29,49.52,49.849998,49.150002,49.700001,17797400,48.417038,1,0,0,0,0
2019-05-30,49.709999,50.130001,49.439999,50.009998,12851900,48.719032,0,1,0,0,0
2019-05-31,49.509998,51,48.709999,49,28805100,47.735104,0,0,0,1,0
2019-06-03,49.349998,49.599998,48.439999,48.830002,22416700,47.569496,0,0,1,0,0
2019-06-04,49.18,49.349998,48.299999,49.110001,19537300,47.842266,0,0,0,0,1
2019-06-05,49.279999,49.43,47.860001,48.389999,14392200,47.14085,1,0,0,0,0
2019-06-06,48.889999,48.939999,48.310001,48.799999,10869100,47.540268,0,1,0,0,0
2019-06-07,49.049999,49.099998,48.360001,48.66,11479300,47.403881,0,0,0,1,0
2019-06-10,48.950001,49.23,48.330002,48.34,11670100,47.092144,0,0,1,0,0
2019-06-11,49.759998,51.48,49.66,51.43,44669000,50.102379,0,0,0,0,1
2019-06-12,51.549999,52.09,50.93,51.490002,24531300,50.160831,1,0,0,0,0
2019-06-13,51.900002,52.25,51.59,51.849998,18058600,50.511532,0,1,0,0,0
2019-06-14,51.700001,51.82,51.150002,51.400002,20288700,50.073154,0,0,0,1,0
2019-06-17,51,51.330002,50.200001,50.200001,20551200,48.904129,0,0,1,0,0
2019-06-18,51,52.419998,51,52,27229300,50.657661,0,0,0,0,1
2019-06-19,53,53.099998,51.830002,52.299999,23746400,50.949917,1,0,0,0,0
2019-06-21,52.75,52.93,52.099998,52.439999,20492800,51.086304,0,0,0,1,0
2019-06-24,52.48,52.48,52.099998,52.400002,9338300,51.04734,0,0,1,0,0
2019-06-25,52.189999,52.470001,51.34,51.380001,12449700,50.053669,0,0,0,0,1
2019-06-26,51.5,52.040001,51.369999,51.580002,13277900,50.248508,1,0,0,0,0
2019-06-27,52.150002,52.150002,51.52,51.700001,14941500,50.365406,0,1,0,0,0
2019-06-28,52.07,52.200001,51.689999,51.82,11106100,50.482307,0,0,0,1,0
2019-07-01,53.099998,53.790001,53.099998,53.650002,22807300,52.265072,0,0,1,0,0
2019-07-02,54.099998,54.16,50.02,51.389999,48452700,50.063408,0,0,0,0,1
2019-07-03,51.77,51.970001,51.150002,51.290001,19929700,49.965992,1,0,0,0,0
2019-07-04,51.68,52.099998,51.150002,51.669998,16192600,50.336182,0,1,0,0,0
2019-07-05,50.400002,50.580002,49.759998,50.360001,27847600,49.059998,0,0,0,1,0
2019-07-08,50.650002,51.599998,50.459999,50.950001,12777600,49.634769,0,0,1,0,0
2019-07-10,51.610001,52.560001,51.400002,52.130001,28106700,50.784309,1,0,0,0,0
2019-07-11,51.869999,52.5,51.720001,52.049999,18567500,50.706371,0,1,0,0,0
2019-07-12,52.459999,52.779999,51.73,51.810001,22248600,50.472569,0,0,0,1,0
2019-07-15,52.459999,52.93,52.25,52.689999,20144200,51.329849,0,0,1,0,0
2019-07-16,53.200001,53.470001,52.790001,53.049999,17393700,51.680557,0,0,0,0,1
2019-07-17,52.990002,53.119999,52.459999,52.689999,13876700,51.329849,1,0,0,0,0
2019-07-18,52.610001,52.82,52.23,52.59,12217200,51.232433,0,1,0,0,0
2019-07-19,52.810001,53.23,52.549999,52.720001,11523100,51.359077,0,0,0,1,0
2019-07-22,52.18,52.66,51.810001,52.450001,11348100,51.096046,0,0,1,0,0
2019-07-23,52.400002,52.599998,51.759998,51.759998,11146800,50.423855,0,0,0,0,1
2019-07-24,51.09,51.259998,50.549999,50.650002,25121800,49.342514,1,0,0,0,0
2019-07-25,51,51.119999,50.099998,50.490002,12761900,49.186646,0,1,0,0,0
2019-07-26,51,51.049999,50.18,50.23,12604500,48.933353,0,0,0,1,0
2019-07-29,50.299999,50.599998,49.799999,50.259998,8462200,48.962578,0,0,1,0,0
2019-07-30,50.169998,50.580002,50.009998,50.009998,10182500,48.719032,0,0,0,0,1
2019-07-31,50.380001,50.549999,49.220001,49.810001,23244900,48.524197,1,0,0,0,0
2019-08-01,49.240002,49.34,48.25,48.400002,45701400,47.150597,0,1,0,0,0
2019-08-02,48.200001,48.290001,47.41,47.84,19834300,46.605049,0,0,0,1,0
2019-08-05,46.599998,46.599998,45.759998,46,36490300,44.81255,0,0,1,0,0
2019-08-06,46.459999,46.970001,46.290001,46.619999,21913400,45.416542,0,0,0,0,1
2019-08-07,45.849998,46.48,45.450001,46.48,20828200,45.280155,1,0,0,0,0
2019-08-08,47.299999,47.490002,46.919998,47.18,24237600,45.962086,0,1,0,0,0
2019-08-09,46.700001,46.810001,45.490002,45.490002,24707500,44.315716,0,0,0,1,0
2019-08-12,45.150002,45.990002,45.029999,45.16,16409000,43.994232,0,0,1,0,0
2019-08-13,45.549999,46.799999,45.349998,46.5,19989100,45.299641,0,0,0,0,1
2019-08-14,45.98,45.98,44.73,44.880001,24950100,43.721462,1,0,0,0,0
2019-08-15,45.009998,45.5,43.169998,43.889999,24570500,42.757015,0,1,0,0,0
2019-08-16,44.450001,44.700001,43.48,43.689999,19541100,42.562176,0,0,0,1,0
2019-08-19,44.290001,44.43,43.209999,43.650002,27533700,42.523212,0,0,1,0,0
2019-08-20,43.509998,44.490002,42.900002,43.84,16865100,42.708305,0,0,0,0,1
2019-08-21,43.599998,44.330002,43.07,44.150002,16171800,43.010307,1,0,0,0,0
2019-08-22,44.380001,44.380001,43.549999,43.889999,12254400,42.757015,0,1,0,0,0
2019-08-23,43.830002,44.59,42.900002,43.279999,26087800,42.162762,0,0,0,1,0
2019-08-26,43.490002,43.650002,42.540001,42.799999,13270500,41.695152,0,0,1,0,0
2019-08-27,43.150002,43.91,42.439999,43.32,27809400,42.201729,0,0,0,0,1
2019-08-28,43.310001,44.169998,43.040001,43.48,13467000,42.357597,1,0,0,0,0
2019-08-29,44.110001,45.25,43.959999,45.099998,23487000,43.93578,0,1,0,0,0
2019-08-30,45.990002,46.330002,45.27,45.57,27305700,44.393646,0,0,0,1,0
2019-09-02,46.549999,46.669998,45.849998,46.009998,12757600,44.822289,0,0,1,0,0
2019-09-03,46,46.049999,45.34,45.52,13227000,44.34494,0,0,0,0,1
2019-09-04,46.049999,46.52,45.970001,46.52,12439100,45.319126,1,0,0,0,0
2019-09-05,46.950001,47.189999,46.52,46.52,20284900,45.319126,0,1,0,0,0
2019-09-06,46.450001,46.689999,46.09,46.450001,10419000,45.250931,0,0,0,1,0
2019-09-09,46.700001,47.889999,46.290001,47.889999,24430000,46.653759,0,0,1,0,0
2019-09-10,47.880001,48.5,47.200001,48.240002,21440800,46.994724,0,0,0,0,1
2019-09-11,48.599998,48.599998,47.580002,47.950001,16872500,46.712212,1,0,0,0,0
2019-09-12,48.619999,49.77,48.599998,49.689999,39340500,48.407291,0,1,0,0,0
2019-09-13,49.959999,50.299999,49.66,49.790001,22067600,48.504715,0,0,0,1,0
2019-09-16,49.400002,49.439999,48.349998,48.59,26369500,47.33569,0,0,1,0,0
2019-09-17,48.25,49.150002,48.23,48.900002,14473900,47.637688,0,0,0,0,1
2019-09-18,49,49,47.98,48.400002,15335300,47.150597,1,0,0,0,0
2019-09-19,48.400002,48.580002,47.759998,48.32,15680000,47.072659,0,1,0,0,0
2019-09-20,48.66,48.740002,48,48.419998,23870900,47.170074,0,0,0,1,0
2019-09-23,48.189999,48.580002,47.959999,48.099998,11946300,46.858337,0,0,1,0,0
2019-09-24,47.709999,47.880001,46.779999,46.93,15322500,45.71854,0,0,0,0,1
2019-09-25,47.029999,48.02,46.830002,47.860001,14554600,46.624535,1,0,0,0,0
2019-09-26,48.099998,48.279999,47.529999,47.860001,12257300,46.624535,0,1,0,0,0
2019-09-27,48.150002,48.349998,47.27,47.66,13450600,46.429695,0,0,0,1,0
2019-09-30,47.650002,48.040001,47.209999,47.75,12116600,46.517372,0,0,1,0,0
2019-10-01,47.849998,48.880001,47.66,47.709999,16083800,46.478405,0,0,0,0,1
2019-10-02,46.900002,46.900002,45.099998,45.099998,24637800,43.93578,1,0,0,0,0
2019-10-03,45.32,45.810001,44.220001,45.439999,24569900,44.267002,0,1,0,0,0
2019-10-04,45.700001,46.790001,45.68,46.59,21339100,45.387318,0,0,0,1,0
2019-10-07,46.299999,46.98,46.040001,46.040001,12531500,44.851517,0,0,1,0,0
2019-10-08,46.299999,46.369999,45.32,45.32,14671300,44.150101,0,0,0,0,1
2019-10-09,45.669998,46.040001,45.330002,45.669998,9509400,44.491065999999996,1,0,0,0,0
2019-10-10,46.060001,47.450001,46.060001,47.240002,15441700,46.020538,0,1,0,0,0
2019-10-11,48.029999,48.919998,48,48.639999,24527700,47.384399,0,0,0,1,0
2019-10-14,48.200001,48.25,47.560001,47.990002,11520400,46.751179,0,0,1,0,0
2019-10-15,47.880001,48.290001,47.529999,47.91,14669700,46.673244,0,0,0,0,1
2019-10-16,47.389999,47.52,46.639999,46.799999,24417100,45.591896,1,0,0,0,0
2019-10-17,46.990002,47.049999,46.610001,46.709999,14158400,45.504219,0,1,0,0,0
2019-10-18,46.889999,47.18,46.02,46.029999,16452100,44.841774,0,0,0,1,0
2019-10-21,46.419998,47.209999,46.259998,47.209999,13486800,45.99131,0,0,1,0,0
2019-10-22,47.279999,47.540001,47.099998,47.299999,15194800,46.078987,0,0,0,0,1
2019-10-23,47.599998,47.830002,47.029999,47.110001,12362800,45.893894,1,0,0,0,0
2019-10-24,47.459999,47.57,46.52,46.75,14646600,45.543186,0,1,0,0,0
2019-10-25,47.75,48.560001,47.549999,48.560001,21754000,47.306465,0,0,0,1,0
2019-10-28,48.650002,48.799999,48.34,48.700001,10932200,47.442852,0,0,1,0,0
2019-10-29,48.41,48.799999,48.080002,48.650002,10091200,47.394142,0,0,0,0,1
2019-10-30,48.400002,48.619999,47.689999,48.59,15325200,47.33569,1,0,0,0,0
2019-10-31,48.099998,48.48,46.860001,47.200001,21765000,45.981571,0,1,0,0,0
2019-11-01,47.799999,48.700001,47.759998,48.439999,20151300,47.18956,0,0,0,1,0
2019-11-04,49.080002,49.82,49.080002,49.82,20980000,48.533939,0,0,1,0,0
2019-11-05,50.07,50.279999,49.43,49.869999,15951200,48.582645,0,0,0,0,1
2019-11-06,49.900002,49.970001,48.900002,49.689999,14879300,48.407291,1,0,0,0,0
2019-11-07,49.84,50.529999,49.540001,50.110001,26788900,48.816452,0,1,0,0,0
2019-11-08,49.330002,49.549999,48.810001,49.18,19854000,47.910458,0,0,0,1,0
2019-11-11,48.439999,48.439999,47.959999,48.130001,20385800,46.887566,0,0,1,0,0
2019-11-12,48.299999,48.490002,47.900002,47.900002,13130500,46.663502,0,0,0,0,1
2019-11-13,47.650002,48.060001,46.970001,47.119999,16882100,45.903633,1,0,0,0,0
2019-11-14,47.349998,47.580002,46.959999,47,14155900,45.786736,0,1,0,0,0
2019-11-18,47.720001,48.049999,47.48,47.610001,16777800,46.380989,0,0,1,0,0
2019-11-19,48.110001,48.490002,47.720001,48.169998,13108100,46.926529,0,0,0,0,1
2019-11-21,47.759998,48.419998,47.700001,48.419998,15624200,47.170074,0,1,0,0,0
2019-11-22,48.549999,50.029999,48.549999,50.029999,27680500,48.738514,0,0,0,1,0
2019-11-25,50.540001,51.18,50.43,50.860001,24507100,49.547092,0,0,1,0,0
2019-11-26,50.599998,51.5,50.459999,51.220001,32446500,49.8978,0,0,0,0,1
2019-11-27,50.93,51.200001,50.130001,50.580002,13507600,49.274323,1,0,0,0,0
2019-11-28,50.560001,50.880001,49.689999,50.369999,10145300,49.06974,0,1,0,0,0
2019-11-29,50.369999,50.470001,49.82,49.98,10290800,48.689808,0,0,0,1,0
2019-12-02,50.150002,51.689999,50.110001,51.34,23952200,50.014702,0,0,1,0,0
2019-12-03,51.25,51.259998,50.25,50.419998,13479700,49.118446,0,0,0,0,1
2019-12-04,50.830002,51.029999,50.529999,50.919998,9105800,49.605541,1,0,0,0,0
2019-12-05,50.700001,51.080002,50.549999,50.950001,9503500,49.634769,0,1,0,0,0
2019-12-06,51.25,51.689999,51.029999,51.349998,13892600,50.024441,0,0,0,1,0
2019-12-09,52.25,52.490002,51.330002,51.439999,19388300,50.112118,0,0,1,0,0
2019-12-10,51.220001,51.43,50.900002,51.200001,13878600,49.878315,0,0,0,0,1
2019-12-11,51.380001,52.049999,51.220001,51.830002,15572100,50.492054,1,0,0,0,0
2019-12-12,52.099998,53.060001,51.73,52.950001,25140900,51.583141,0,1,0,0,0
2019-12-13,53.299999,54,52.84,53.759998,28172500,52.372227,0,0,0,1,0
2019-12-16,54.5,54.669998,53.34,53.34,21806800,51.963074,0,0,1,0,0
2019-12-17,53.25,53.709999,53.049999,53.419998,13570300,52.041004,0,0,0,0,1
2019-12-18,53.279999,53.540001,52.599998,53.470001,22924500,52.089718,1,0,0,0,0
2019-12-19,53.5,54.240002,53.220001,54,17683200,52.606033,0,1,0,0,0
2019-12-20,54.77,54.990002,54.150002,54.790001,42124200,53.375641,0,0,0,1,0
2019-12-23,54.900002,54.98,54.400002,54.580002,10225700,53.171062,0,0,1,0,0
2019-12-26,54.810001,55,54.509998,54.790001,20410000,53.375641,0,1,0,0,0
2019-12-27,53.990002,54,53.419998,53.599998,13920400,53.599998,0,0,0,1,0
2019-12-30,53.650002,53.860001,53.200001,53.299999,11928100,53.299999,0,0,1,0,0
